Time_s,CTSresistance,HeartRate,OxygenSaturation,CoreTemperature,RespirationRate,FatigueLevel,TotalWorkRateLevel,AchievedExerciseLevel,TotalMetabolicRate_W,CardiacOutput,SBP,DBP,SweatRate,MuscleGlycogen
1.0,0,72.0,0.9791,36.94,15.96,0.0,0.0,0.0,84.13,5.78,114.7,74.5,0.0,592.2
2.0,0,72.35,0.9791,36.94,15.96,0.0,0.0,0.0,84.13,5.8,114.8,74.5,0.0,592.2
3.0,0,72.38,0.9791,36.94,15.96,0.0,0.0,0.0,84.13,5.81,114.8,74.5,0.0,592.2
4.0,0,72.36,0.9791,36.94,15.96,0.0,0.0,0.0,84.13,5.81,114.8,74.5,0.0,592.2
5.0,0,72.31,0.9791,36.94,15.96,0.0,0.0,0.0,84.13,5.81,114.8,74.5,0.0,592.2
6.0,0,72.32,0.9791,36.94,15.96,0.0,0.0,0.0,84.13,5.81,114.8,74.5,0.0,592.2
7.0,0,72.34,0.9791,36.93,15.96,0.0,0.0,0.0,84.13,5.81,114.8,74.5,0.0,592.2
8.0,0,72.31,0.9791,36.93,15.96,0.0,0.0,0.0,84.13,5.81,114.8,74.5,0.0,592.2
9.0,0,72.28,0.9791,36.93,15.96,0.0,0.0,0.0,84.13,5.81,114.8,74.5,0.0,592.2
10.0,0,72.28,0.9791,36.93,15.96,0.0,0.0,0.0,84.13,5.81,114.8,74.5,0.0,592.2
11.0,0,72.29,0.9791,36.93,15.96,0.0,0.0,0.0,84.13,5.81,114.9,74.5,0.0,592.2
12.0,0,72.26,0.9791,36.93,15.96,0.0,0.0,0.0,84.13,5.81,114.8,74.5,0.0,592.2
13.0,0,72.24,0.9791,36.93,15.96,0.0,0.0,0.0,84.13,5.81,114.8,74.5,0.0,592.2
14.0,0,72.25,0.9791,36.93,15.96,0.0,0.0,0.0,84.13,5.81,114.8,74.5,0.0,592.19
15.0,0,72.28,0.9791,36.93,15.96,0.0,0.0,0.0,84.13,5.81,114.8,74.5,0.0,592.19
16.0,0,72.24,0.9791,36.93,15.96,0.0,0.0,0.0,84.13,5.81,114.8,74.5,0.0,592.19
17.0,0,72.24,0.9791,36.93,15.96,0.0,0.0,0.0,84.13,5.81,114.8,74.5,0.0,592.19
18.0,0,72.27,0.9791,36.93,15.96,0.0,0.0,0.0,84.13,5.81,114.8,74.5,0.0,592.19
19.0,0,72.28,0.9791,36.93,15.96,0.0,0.0,0.0,84.13,5.81,114.8,74.5,0.0,592.19
20.0,0,72.26,0.9791,36.93,15.96,0.0,0.0,0.0,84.13,5.81,114.8,74.5,0.0,592.19
21.0,0,72.26,0.9791,36.93,15.96,0.0,0.0,0.0,84.13,5.81,114.8,74.5,0.0,592.19
22.0,0,72.29,0.9791,36.93,15.96,0.0,0.0,0.0,84.13,5.81,114.8,74.5,0.0,592.19
23.0,0,72.28,0.9791,36.93,15.96,0.0,0.0,0.0,84.13,5.81,114.8,74.5,0.0,592.19
24.0,0,72.25,0.9791,36.93,16.04,0.0,0.0,0.0,84.13,5.81,114.8,74.5,0.0,592.19
25.0,0,72.25,0.9791,36.93,16.04,0.0,0.0,0.0,84.13,5.81,114.8,74.5,0.0,592.19
26.0,0,72.29,0.9791,36.93,16.04,0.0,0.0,0.0,84.13,5.81,114.8,74.5,0.0,592.19
27.0,0,72.26,0.9791,36.93,16.04,0.0,0.0,0.0,84.13,5.81,114.8,74.5,0.0,592.19
28.0,0,72.25,0.9791,36.93,16.04,0.0,0.0,0.0,84.13,5.81,114.8,74.5,0.0,592.19
29.0,0,72.27,0.9791,36.93,16.04,0.0,0.0,0.0,84.13,5.81,114.8,74.5,0.0,592.19
30.0,0,72.29,0.9791,36.93,16.04,0.0,0.0,0.0,84.13,5.81,114.8,74.5,0.0,592.19
31.0,0,72.5,0.9791,36.93,16.04,0.0,0.1257,0.6284,209.83,5.82,114.9,74.6,0.0,592.19
32.0,0,76.9,0.9791,36.93,16.04,0.0,0.1729,0.8647,257.09,6.16,116.0,75.4,0.0,592.19
33.0,0,79.77,0.9791,36.93,16.04,0.0,0.1901,0.9507,274.3,6.33,117.5,77.3,0.0,592.19
34.0,0,81.21,0.9792,36.93,20.83,0.0,0.1964,0.9821,280.57,6.34,119.0,79.7,0.0,592.19
35.0,0,81.5,0.9793,36.93,20.83,0.0,0.1987,0.9935,282.85,6.27,120.0,81.5,0.0,592.19
36.0,0,81.18,0.9794,36.93,20.83,0.0,0.1995,0.9976,283.68,6.24,119.8,81.4,0.0,592.19
37.0,0,80.96,0.9796,36.93,23.44,0.0,0.1998,0.9991,283.99,6.22,119.5,80.3,0.0,592.19
38.0,0,80.94,0.9799,36.93,23.44,0.0,0.1999,0.9997,284.1,6.27,118.3,79.5,0.0,592.19
39.0,0,81.22,0.9802,36.93,23.44,0.0,0.2,0.9999,284.14,6.29,118.1,79.6,0.0,592.19
40.0,0,81.75,0.9804,36.93,23.62,0.0,0.2,1.0,284.15,6.26,118.5,80.4,0.0,592.19
41.0,0,81.81,0.981,36.93,23.62,0.0,0.2,1.0,284.16,6.25,118.3,80.2,0.0,592.19
42.0,0,81.84,0.9812,36.93,23.62,0.0,0.2,1.0,284.16,6.24,118.0,80.0,0.0,592.18
43.0,0,82.11,0.9816,36.93,23.62,0.0,0.2,1.0,284.16,6.24,117.5,79.5,0.0,592.18
44.0,0,82.3,0.982,36.94,23.62,0.0,0.2,1.0,284.16,6.25,117.3,79.2,0.0,592.18
45.0,0,82.51,0.9823,36.94,23.62,0.0,0.2,1.0,284.16,6.26,117.1,76.8,0.0,592.18
46.0,0,93.03,0.9827,36.94,23.62,0.0,0.2,1.0,284.16,7.42,104.6,64.7,0.0,592.18
47.0,0,109.34,0.9829,36.94,23.44,0.0,0.2,1.0,284.16,8.02,108.5,70.7,0.0,592.18
48.0,0,114.58,0.9832,36.94,23.44,0.0,0.2,1.0,284.16,8.13,110.5,74.1,0.0,592.18
49.0,0,119.41,0.9833,36.94,23.44,0.0,0.2,1.0,284.16,7.98,113.1,78.4,0.0,592.18
50.0,0,120.14,0.9832,36.94,23.44,0.0,0.2,1.0,284.16,7.8,114.2,81.3,0.0,592.18
51.0,0,119.85,0.9831,36.94,23.44,0.0,0.2,1.0,284.16,7.64,114.4,80.2,0.0,592.18
52.0,0,119.28,0.9829,36.94,23.26,0.0,0.2,1.0,284.16,7.65,113.3,79.8,0.0,592.18
53.0,0,119.62,0.9825,36.94,23.26,0.0,0.2,1.0,284.16,7.67,113.5,80.1,0.0,592.18
54.0,0,119.81,0.9822,36.94,23.26,0.0,0.2,1.0,284.16,7.68,113.9,80.4,0.0,592.18
55.0,0,119.58,0.9818,36.94,23.08,0.0,0.2,1.0,284.16,7.66,114.2,80.8,0.0,592.18
56.0,0,119.26,0.9813,36.94,23.08,0.0,0.2,1.0,284.16,7.64,114.4,81.0,0.0,592.18
57.0,0,118.78,0.9809,36.94,23.08,0.0,0.2,1.0,284.16,7.61,114.6,81.2,0.0,592.18
58.0,0,118.36,0.9804,36.94,22.9,0.0,0.2,1.0,284.16,7.58,114.8,81.4,0.0,592.18
59.0,0,117.99,0.98,36.94,22.9,0.0,0.2,1.0,284.16,7.57,114.9,81.5,0.0,592.18
60.0,0,117.63,0.9796,36.94,22.9,0.0,0.2,1.0,284.16,7.55,114.9,81.7,0.0,592.18
61.0,0,117.39,0.9792,36.94,22.9,0.0,0.2,1.0,284.16,7.54,115.0,81.8,0.0,592.18
62.0,0,117.25,0.9787,36.94,22.9,0.0,0.2,1.0,284.16,7.53,115.0,81.8,0.0,592.18
63.0,0,116.98,0.9783,36.94,22.73,0.0,0.2,1.0,284.16,7.51,115.0,81.9,0.0,592.18
64.0,0,116.84,0.9778,36.94,22.73,0.0,0.2,1.0,284.16,7.5,115.0,82.0,0.0,592.17
65.0,0,116.65,0.9773,36.94,22.56,0.0,0.2,1.0,284.16,7.48,115.0,82.1,0.0,592.17
66.0,0,116.51,0.9768,36.94,22.56,0.0,0.2,1.0,284.16,7.47,115.0,82.1,0.0,592.17
67.0,0,116.4,0.9763,36.95,22.56,0.0,0.2,1.0,284.16,7.46,115.0,82.2,0.0,592.17
68.0,0,116.22,0.9759,36.95,22.56,0.0,0.2,1.0,284.16,7.45,115.1,82.3,0.0,592.17
69.0,0,116.13,0.9753,36.95,22.56,0.0,0.2,1.0,284.16,7.44,115.1,82.4,0.0,592.17
70.0,0,115.97,0.9749,36.95,22.56,0.0,0.2,1.0,284.16,7.43,115.2,82.5,0.0,592.17
71.0,0,115.8,0.9745,36.95,22.39,0.0,0.2,1.0,284.16,7.42,115.2,82.6,0.0,592.17
72.0,0,115.7,0.974,36.95,22.39,0.0,0.2,1.0,284.16,7.42,115.3,82.7,0.0,592.17
73.0,0,115.5,0.9737,36.95,22.39,0.0,0.2,1.0,284.16,7.4,115.4,82.8,0.0,592.17
74.0,0,115.38,0.9733,36.95,22.39,0.0,0.2,1.0,284.16,7.4,115.4,82.9,0.0,592.17
75.0,0,115.33,0.9729,36.95,22.39,0.0,0.2,1.0,284.16,7.39,115.5,81.5,0.0,592.17
76.0,0,115.14,0.9725,36.95,22.39,0.0,0.2,1.0,284.16,7.5,114.7,81.0,0.0,592.17
77.0,0,115.53,0.972,36.95,22.39,0.0,0.2,1.0,284.16,7.56,115.1,82.7,0.0,592.17
78.0,0,115.58,0.9716,36.95,22.39,0.0,0.2,1.0,284.16,7.49,116.3,83.5,0.0,592.17
79.0,0,114.72,0.9713,36.95,22.39,0.0,0.2,1.0,284.16,7.51,115.8,81.9,0.0,592.17
80.0,0,114.37,0.9709,36.95,22.39,0.0,0.2,1.0,284.16,7.54,115.7,81.9,0.0,592.17
81.0,0,114.42,0.9707,36.95,22.39,0.0,0.2,1.0,284.16,7.56,116.0,82.0,0.0,592.17
82.0,0,114.38,0.9704,36.95,22.39,0.0,0.2,1.0,284.16,7.57,116.1,82.1,0.0,592.17
83.0,0,114.23,0.97,36.95,22.39,0.0,0.2,1.0,284.16,7.58,116.4,82.3,0.0,592.17
84.0,0,113.91,0.9698,36.95,22.39,0.0,0.2,1.0,284.16,7.57,116.6,82.5,0.0,592.17
85.0,0,113.65,0.9694,36.95,22.39,0.0,0.2,1.0,284.16,7.57,116.7,82.6,0.0,592.16
86.0,0,113.41,0.9692,36.95,22.39,0.0,0.2,1.0,284.16,7.56,116.8,82.7,0.0,592.16
87.0,0,113.2,0.969,36.96,22.39,0.0,0.2,1.0,284.16,7.55,116.9,82.8,0.0,592.16
88.0,0,113.13,0.9688,36.96,22.39,0.0,0.2,1.0,284.16,7.54,116.9,82.8,0.0,592.16
89.0,0,113.07,0.9686,36.96,22.39,0.0,0.2,1.0,284.16,7.54,116.9,82.8,0.0,592.16
90.0,0,113.0,0.9684,36.96,22.39,0.0,0.2,1.0,284.16,7.53,116.9,82.8,0.0,592.16
91.0,0,113.04,0.9682,36.96,22.39,0.0,0.2,1.0,284.16,7.53,116.9,82.9,0.0,592.16
92.0,0,113.0,0.968,36.96,22.39,0.0,0.2,1.0,284.16,7.53,116.9,82.9,0.0,592.16
93.0,0,113.05,0.9678,36.96,22.39,0.0,0.2,1.0,284.16,7.53,117.0,82.9,0.0,592.16
94.0,0,113.05,0.9677,36.96,22.39,0.0,0.2,1.0,284.16,7.54,117.0,82.9,0.0,592.16
95.0,0,113.05,0.9676,36.96,22.56,0.0,0.2,1.0,284.16,7.54,117.0,83.0,0.0,592.16
96.0,0,113.08,0.9674,36.96,22.56,0.0,0.2,1.0,284.16,7.54,117.1,83.0,0.0,592.16
97.0,0,113.07,0.9673,36.96,22.56,0.0,0.2,1.0,284.16,7.54,117.1,83.0,0.0,592.16
98.0,0,113.05,0.9672,36.96,22.56,0.0,0.2,1.0,284.16,7.54,117.2,83.0,0.0,592.16
99.0,0,113.08,0.967,36.96,22.56,0.0,0.2,1.0,284.16,7.55,117.2,83.1,0.0,592.16
100.0,0,113.03,0.967,36.96,22.56,0.0,0.2,1.0,284.16,7.55,117.2,83.1,0.0,592.16
101.0,0,113.07,0.9669,36.96,22.56,0.0,0.2,1.0,284.16,7.55,117.3,83.1,0.0,592.16
102.0,0,113.08,0.9668,36.96,22.56,0.0,0.2,1.0,284.16,7.56,117.3,83.1,0.0,592.16
103.0,0,113.04,0.9667,36.96,22.56,0.0,0.2,1.0,284.16,7.56,117.3,83.1,0.0,592.16
104.0,0,113.1,0.9666,36.96,22.56,0.0,0.2,1.0,284.16,7.56,117.3,83.1,0.0,592.16
105.0,0,113.1,0.9666,36.96,22.73,0.0,0.2,1.0,284.16,7.56,117.4,83.2,0.0,592.16
106.0,0,113.12,0.9665,36.96,22.73,0.0,0.2,1.0,284.16,7.57,117.4,83.2,0.0,592.16
107.0,0,113.17,0.9664,36.97,22.73,0.0,0.2,1.0,284.16,7.58,117.4,83.2,0.0,592.15
108.0,0,113.15,0.9664,36.97,22.73,0.0,0.2,1.0,284.16,7.58,117.4,83.2,0.0,592.15
109.0,0,113.19,0.9663,36.97,22.73,0.0,0.2,1.0,284.16,7.58,117.4,83.2,0.0,592.15
110.0,0,113.24,0.9663,36.97,22.73,0.0,0.2,1.0,284.16,7.59,117.5,83.2,0.0,592.15
111.0,0,113.23,0.9663,36.97,22.73,0.0,0.2,1.0,284.16,7.59,117.5,83.2,0.0,592.15
112.0,0,113.31,0.9662,36.97,22.73,0.0,0.2,1.0,284.16,7.6,117.5,83.2,0.0,592.15
113.0,0,113.31,0.9662,36.97,22.9,0.0,0.2,1.0,284.16,7.6,117.5,83.2,0.0,592.15
114.0,0,113.36,0.9661,36.97,22.9,0.0,0.2,1.0,284.16,7.61,117.5,83.2,0.0,592.15
115.0,0,113.4,0.9661,36.97,22.9,0.0,0.2,1.0,284.16,7.61,117.5,83.2,0.0,592.15
116.0,0,113.39,0.9661,36.97,22.9,0.0,0.2,1.0,284.16,7.61,117.5,83.2,0.0,592.15
117.0,0,113.46,0.9661,36.97,22.9,0.0,0.2,1.0,284.16,7.62,117.6,83.2,0.0,592.15
118.0,0,113.49,0.9661,36.97,22.9,0.0,0.2,1.0,284.16,7.63,117.6,83.1,0.0,592.15
119.0,0,113.51,0.9661,36.97,22.9,0.0,0.2,1.0,284.16,7.63,117.6,83.1,0.0,592.15
120.0,0,113.59,0.966,36.97,22.9,0.0,0.2,1.0,284.16,7.64,117.6,83.1,0.0,592.15
121.0,0,113.59,0.9661,36.97,23.08,0.0,0.2,1.0,284.16,7.64,117.6,83.1,0.0,592.15
122.0,0,113.67,0.966,36.97,23.08,0.0,0.2,1.0,284.16,7.65,117.6,83.1,0.0,592.15
123.0,0,113.69,0.966,36.97,23.08,0.0,0.2,1.0,284.16,7.65,117.6,83.1,0.0,592.15
124.0,0,113.69,0.9661,36.97,23.08,0.0,0.2,1.0,284.16,7.65,117.6,83.1,0.0,592.15
125.0,0,113.78,0.966,36.97,23.08,0.0,0.2,1.0,284.16,7.66,117.6,83.1,0.0,592.15
126.0,0,113.78,0.9661,36.98,23.08,0.0,0.2,1.0,284.16,7.67,117.6,83.1,0.0,592.15
127.0,0,113.84,0.9661,36.98,23.08,0.0,0.2,1.0,284.16,7.67,117.6,83.0,0.0,592.15
128.0,0,113.89,0.9661,36.98,23.08,0.0,0.2,1.0,284.16,7.68,117.6,83.0,0.0,592.15
129.0,0,113.89,0.9661,36.98,23.08,0.0,0.2,1.0,284.16,7.68,117.6,83.0,0.0,592.14
130.0,0,113.95,0.9661,36.98,23.08,0.0,0.2,1.0,284.16,7.69,117.6,83.0,0.0,592.14
131.0,0,114.0,0.9661,36.98,23.08,0.0,0.2,1.0,284.16,7.69,117.6,83.0,0.0,592.14
132.0,0,114.02,0.9662,36.98,23.08,0.0,0.2,1.0,284.16,7.7,117.6,83.0,0.0,592.14
133.0,0,114.1,0.9661,36.98,23.08,0.0,0.2,1.0,284.16,7.7,117.6,83.0,0.0,592.14
134.0,0,114.1,0.9662,36.98,23.26,0.0,0.2,1.0,284.16,7.71,117.6,82.9,0.0,592.14
135.0,0,114.18,0.9662,36.98,23.26,0.0,0.2,1.0,284.16,7.71,117.6,82.9,0.0,592.14
136.0,0,114.2,0.9662,36.98,23.26,0.0,0.2,1.0,284.16,7.72,117.6,82.9,0.0,592.14
137.0,0,114.19,0.9662,36.98,23.26,0.0,0.2,1.0,284.16,7.72,117.6,82.9,0.0,592.14
138.0,0,114.27,0.9662,36.98,23.26,0.0,0.2,1.0,284.16,7.73,117.6,82.9,0.0,592.14
139.0,0,114.27,0.9663,36.98,23.26,0.0,0.2,1.0,284.16,7.73,117.6,82.9,0.0,592.14
140.0,0,114.31,0.9663,36.98,23.26,0.0,0.2,1.0,284.16,7.73,117.6,82.9,0.0,592.14
141.0,0,114.35,0.9663,36.98,23.26,0.0,0.2,1.0,284.16,7.74,117.6,82.8,0.0,592.14
142.0,0,114.36,0.9663,36.98,23.26,0.0,0.2,1.0,284.16,7.74,117.6,82.8,0.0,592.14
143.0,0,114.4,0.9663,36.98,23.26,0.0,0.2,1.0,284.16,7.74,117.6,82.8,0.0,592.14
144.0,0,114.43,0.9663,36.98,23.26,0.0,0.2,1.0,284.16,7.75,117.6,82.8,0.0,592.14
145.0,0,114.45,0.9664,36.99,23.26,0.0,0.2,1.0,284.16,7.75,117.6,82.8,0.0,592.14
146.0,0,114.52,0.9663,36.99,23.26,0.0,0.2,1.0,284.16,7.75,117.6,82.8,0.0,592.14
147.0,0,114.51,0.9664,36.99,23.26,0.0,0.2,1.0,284.16,7.76,117.6,82.7,0.0,592.14
148.0,0,114.58,0.9664,36.99,23.26,0.0,0.2,1.0,284.16,7.76,117.6,82.7,0.0,592.14
149.0,0,114.58,0.9664,36.99,23.26,0.0,0.2,1.0,284.16,7.76,117.6,82.7,0.0,592.14
150.0,0,114.58,0.9664,36.99,23.26,0.0,0.2,1.0,284.16,7.76,117.6,82.7,0.0,592.13
151.0,0,114.66,0.9664,36.99,23.26,0.0,0.2,1.0,284.16,7.77,117.6,82.7,0.0,592.13
152.0,0,114.65,0.9665,36.99,23.26,0.0571,0.1842,0.921,284.16,7.77,117.6,82.7,0.0,592.13
153.0,0,114.69,0.9664,36.99,23.26,0.0577,0.1839,0.9196,284.16,7.78,117.6,82.7,0.0,592.13
154.0,0,114.72,0.9664,36.99,23.26,0.0579,0.1835,0.9174,284.16,7.78,117.6,82.6,0.0,592.13
155.0,0,114.72,0.9665,36.99,23.44,0.0574,0.1834,0.9168,284.16,7.78,117.6,82.6,0.0,592.13
156.0,0,114.76,0.9664,36.99,23.44,0.0565,0.1839,0.9196,284.16,7.78,117.6,82.6,0.0,592.13
157.0,0,114.76,0.9665,36.99,23.44,0.0568,0.1842,0.9208,284.16,7.78,117.6,82.6,0.0,592.13
158.0,0,114.77,0.9665,36.99,23.44,0.057,0.1842,0.9212,284.16,7.79,117.6,82.6,0.0,592.13
159.0,0,114.82,0.9665,36.99,23.44,0.0574,0.1841,0.9207,284.16,7.79,117.6,82.6,0.0,592.13
160.0,0,114.79,0.9665,36.99,23.44,0.0577,0.1838,0.9191,284.16,7.79,117.6,82.6,0.0,592.13
161.0,0,114.86,0.9665,36.99,23.44,0.0578,0.1834,0.917,284.16,7.79,117.6,82.6,0.0,592.13
162.0,0,114.84,0.9665,36.99,23.44,0.0572,0.1835,0.9173,284.16,7.79,117.6,82.6,0.0,592.13
163.0,0,114.84,0.9666,36.99,23.44,0.0563,0.184,0.9199,284.16,7.8,117.6,82.6,0.0,592.13
164.0,0,114.91,0.9665,37.0,23.44,0.0568,0.1842,0.921,284.16,7.8,117.6,82.5,0.0,592.13
165.0,0,114.89,0.9666,37.0,23.44,0.0571,0.1842,0.9212,284.16,7.8,117.6,82.5,0.0,592.13
166.0,0,114.95,0.9666,37.0,23.44,0.0575,0.1841,0.9204,284.16,7.8,117.6,82.5,0.0,592.13
167.0,0,114.95,0.9666,37.0,23.44,0.0578,0.1837,0.9184,284.16,7.8,117.6,82.5,0.0,592.13
168.0,0,114.96,0.9666,37.0,23.44,0.0578,0.1833,0.9167,284.16,7.81,117.5,82.5,0.0,592.13
169.0,0,115.01,0.9666,37.0,23.44,0.057,0.1836,0.9179,284.16,7.81,117.5,82.5,0.0,592.13
170.0,0,114.99,0.9667,37.0,23.44,0.0568,0.184,0.9202,284.16,7.81,117.5,82.5,0.0,592.13
171.0,0,115.02,0.9666,37.0,23.44,0.057,0.1842,0.921,284.16,7.81,117.5,82.5,0.0,592.12
172.0,0,115.05,0.9667,37.0,23.44,0.0573,0.1842,0.921,284.16,7.81,117.5,82.4,0.0,592.12
173.0,0,115.03,0.9667,37.0,23.44,0.0577,0.184,0.9198,284.16,7.81,117.5,82.4,0.0,592.12
174.0,0,115.09,0.9666,37.0,23.44,0.058,0.1835,0.9177,284.16,7.82,117.5,82.4,0.0,592.12
175.0,0,115.06,0.9667,37.0,23.44,0.0577,0.1833,0.9164,284.16,7.82,117.5,82.4,0.0,592.12
176.0,0,115.11,0.9667,37.0,23.44,0.0568,0.1837,0.9187,284.16,7.82,117.5,82.4,0.0,592.12
177.0,0,115.13,0.9667,37.0,23.44,0.057,0.1841,0.9203,284.16,7.82,117.5,82.4,0.0,592.12
178.0,0,115.09,0.9667,37.0,23.44,0.0572,0.1842,0.9209,284.16,7.82,117.5,82.4,0.0,592.12
179.0,0,115.15,0.9667,37.0,23.44,0.0576,0.1841,0.9205,284.16,7.82,117.5,82.4,0.0,592.12
180.0,0,115.13,0.9667,37.0,23.44,0.058,0.1838,0.9191,284.16,7.82,117.5,82.4,0.0,592.12
181.0,0,115.15,0.9667,37.0,23.44,0.0582,0.1834,0.9169,284.16,7.82,117.5,82.4,0.0,592.12
182.0,0,115.17,0.9667,37.0,23.44,0.0578,0.1833,0.9163,284.16,7.83,117.5,82.4,0.0,592.12
183.0,0,115.14,0.9667,37.01,23.44,0.0568,0.1838,0.9191,284.16,7.83,117.5,82.4,0.0,592.12
184.0,0,115.18,0.9667,37.01,23.44,0.0573,0.184,0.9202,284.16,7.83,117.5,82.4,0.0,592.12
185.0,0,115.18,0.9667,37.01,23.44,0.0575,0.1841,0.9205,284.16,7.83,117.5,82.4,0.0,592.12
186.0,0,115.17,0.9667,37.01,23.44,0.0579,0.184,0.9198,284.16,7.83,117.5,82.4,0.0,592.12
187.0,0,115.22,0.9667,37.01,23.44,0.0584,0.1836,0.9181,284.16,7.83,117.5,82.4,0.0,592.12
188.0,0,115.17,0.9667,37.01,23.44,0.0584,0.1832,0.916,284.16,7.83,117.5,82.4,0.0,592.12
189.0,0,115.23,0.9666,37.01,23.44,0.0579,0.1833,0.9163,284.16,7.83,117.5,82.3,0.0,592.12
190.0,0,115.23,0.9666,37.01,23.44,0.0571,0.1838,0.9189,284.16,7.83,117.5,82.3,0.0,592.12
191.0,0,115.19,0.9667,37.01,23.44,0.0577,0.184,0.9198,284.16,7.83,117.5,82.3,0.0,592.12
192.0,0,115.25,0.9666,37.01,23.44,0.058,0.184,0.9199,284.16,7.83,117.5,82.3,0.0,592.12
193.0,0,115.21,0.9667,37.01,23.44,0.0584,0.1838,0.9189,284.16,7.83,117.5,82.3,0.0,592.11
194.0,0,115.24,0.9666,37.01,23.44,0.0588,0.1834,0.9169,284.16,7.83,117.5,82.3,0.0,592.11
195.0,0,115.24,0.9666,37.01,23.44,0.0588,0.183,0.9151,284.16,7.83,117.5,82.3,0.0,592.11
196.0,0,115.23,0.9666,37.01,23.44,0.058,0.1833,0.9164,284.16,7.83,117.5,82.3,0.0,592.11
197.0,0,115.26,0.9666,37.01,23.44,0.058,0.1837,0.9186,284.16,7.83,117.5,82.3,0.0,592.11
198.0,0,115.24,0.9666,37.01,23.44,0.0582,0.1839,0.9193,284.16,7.83,117.5,82.3,0.0,592.11
199.0,0,115.25,0.9666,37.01,23.44,0.0586,0.1838,0.9191,284.16,7.83,117.5,82.3,0.0,592.11
200.0,0,115.28,0.9666,37.01,23.44,0.059,0.1836,0.9178,284.16,7.84,117.5,82.3,0.0,592.11
201.0,0,115.24,0.9666,37.02,23.44,0.0593,0.1831,0.9156,284.16,7.83,117.5,82.3,0.0,592.11
202.0,0,115.3,0.9665,37.02,23.44,0.0591,0.1829,0.9144,284.16,7.84,117.5,82.3,0.0,592.11
203.0,0,115.26,0.9666,37.02,23.44,0.0583,0.1833,0.9166,284.16,7.83,117.5,82.3,0.0,592.11
204.0,0,115.26,0.9666,37.02,23.44,0.0585,0.1836,0.9181,284.16,7.83,117.5,82.3,0.0,592.11
205.0,0,115.32,0.9665,37.02,23.44,0.0588,0.1837,0.9186,284.16,7.84,117.5,82.3,0.0,592.11
206.0,0,115.28,0.9666,37.02,23.44,0.0592,0.1836,0.9181,284.16,7.84,117.5,82.3,0.0,592.11
207.0,0,115.33,0.9665,37.02,23.44,0.0597,0.1833,0.9165,284.16,7.84,117.5,82.3,0.0,592.11
208.0,0,115.31,0.9665,37.02,23.44,0.0599,0.1829,0.9143,284.16,7.84,117.5,82.3,0.0,592.11
209.0,0,115.32,0.9665,37.02,23.44,0.0595,0.1828,0.9138,284.16,7.84,117.5,82.3,0.0,592.11
210.0,0,115.35,0.9665,37.02,23.44,0.0586,0.1833,0.9165,284.16,7.84,117.5,82.3,0.0,592.11
211.0,0,115.32,0.9665,37.02,23.44,0.0592,0.1835,0.9175,284.16,7.84,117.5,82.3,0.0,592.11
212.0,0,115.35,0.9665,37.02,23.44,0.0595,0.1835,0.9177,284.16,7.84,117.5,82.3,0.0,592.11
213.0,0,115.36,0.9665,37.02,23.44,0.0599,0.1834,0.9169,284.16,7.84,117.5,82.3,0.0,592.11
214.0,0,115.34,0.9665,37.02,23.44,0.0604,0.183,0.9151,284.16,7.84,117.5,82.3,0.0,592.1
215.0,0,115.4,0.9664,37.02,23.44,0.0602,0.1828,0.914,284.16,7.84,117.5,83.8,0.0,592.1
216.0,0,115.36,0.9665,37.02,23.44,0.0597,0.1827,0.9135,284.16,7.8,117.6,82.4,0.0,592.1
217.0,0,115.07,0.9664,37.02,23.44,0.0591,0.1832,0.9159,284.16,7.8,117.4,82.3,0.0,592.1
218.0,0,115.25,0.9664,37.02,23.44,0.0598,0.1833,0.9166,284.16,7.82,117.3,82.2,0.0,592.1
219.0,0,115.46,0.9664,37.03,23.44,0.0598,0.1835,0.9173,284.16,7.83,117.3,83.6,0.0,592.1
220.0,0,115.63,0.9664,37.03,23.44,0.0592,0.1836,0.9181,284.16,7.72,118.2,84.2,0.0,592.1
221.0,0,115.03,0.9664,37.03,23.44,0.0602,0.1832,0.9162,284.16,7.73,117.2,82.2,0.0,592.1
222.0,0,115.13,0.9664,37.03,23.44,0.0612,0.1827,0.9133,284.16,7.76,116.8,81.9,0.0,592.1
223.0,0,115.8,0.9664,37.03,23.44,0.0608,0.1826,0.913,284.16,7.73,117.6,83.8,0.0,592.1
224.0,0,115.79,0.9664,37.03,23.44,0.0603,0.1826,0.913,284.16,7.68,117.7,83.9,0.0,592.1
225.0,0,115.44,0.9664,37.03,23.44,0.0599,0.1827,0.9133,284.16,7.63,117.5,83.8,0.0,592.1
226.0,0,115.35,0.9664,37.03,23.44,0.0599,0.183,0.9148,284.16,7.62,117.4,82.3,0.0,592.1
227.0,0,115.41,0.9664,37.03,23.44,0.0606,0.183,0.915,284.16,7.72,116.3,83.1,0.0,592.1
228.0,0,116.27,0.9664,37.03,23.44,0.0606,0.1831,0.9155,284.16,7.66,117.3,83.5,0.0,592.1
229.0,0,116.12,0.9664,37.03,23.44,0.0607,0.1831,0.9157,284.16,7.64,117.2,83.5,0.0,592.1
230.0,0,116.0,0.9663,37.03,23.44,0.0609,0.1831,0.9155,284.16,7.62,117.1,83.5,0.0,592.1
231.0,0,116.0,0.9664,37.03,23.44,0.0613,0.183,0.9149,284.16,7.61,117.0,83.4,0.0,592.1
232.0,0,116.06,0.9664,37.03,23.44,0.0617,0.1828,0.9141,284.16,7.61,116.9,83.4,0.0,592.1
233.0,0,116.22,0.9663,37.03,23.44,0.062,0.1826,0.9129,284.16,7.61,116.9,83.3,0.0,592.1
234.0,0,116.28,0.9664,37.03,23.44,0.0624,0.1823,0.9116,284.16,7.61,116.8,83.3,0.0,592.1
235.0,0,116.42,0.9663,37.03,23.44,0.0626,0.1821,0.9104,284.16,7.61,116.8,83.3,0.0,592.09
236.0,0,116.46,0.9663,37.03,23.44,0.0626,0.1819,0.9096,284.16,7.61,116.8,83.2,0.0,592.09
237.0,0,116.49,0.9663,37.04,23.44,0.0625,0.1819,0.9096,284.16,7.62,116.8,83.3,0.0,592.09
238.0,0,116.53,0.9663,37.04,23.44,0.0622,0.1821,0.9107,284.16,7.62,116.9,83.3,0.0,592.09
239.0,0,116.51,0.9663,37.04,23.44,0.0618,0.1824,0.912,284.16,7.62,116.9,83.3,0.0,592.09
240.0,0,116.48,0.9662,37.04,23.44,0.0624,0.1825,0.9124,284.16,7.62,116.9,83.3,0.0,592.09
241.0,0,116.5,0.9662,37.04,23.44,0.0626,0.1825,0.9126,284.16,7.62,116.9,83.3,0.0,592.09
242.0,0,116.43,0.9662,37.04,23.44,0.0628,0.1825,0.9127,284.16,7.62,116.9,83.3,0.0,592.09
243.0,0,116.46,0.9662,37.04,23.44,0.0631,0.1825,0.9124,284.16,7.62,116.9,83.3,0.0,592.09
244.0,0,116.42,0.9662,37.04,23.44,0.0634,0.1824,0.912,284.16,7.62,116.9,83.3,0.0,592.09
245.0,0,116.41,0.9662,37.04,23.44,0.0636,0.1823,0.9113,284.16,7.62,116.9,83.3,0.0,592.09
246.0,0,116.44,0.9662,37.04,23.44,0.0639,0.1821,0.9103,284.16,7.62,116.9,83.3,0.0,592.09
247.0,0,116.4,0.9662,37.04,23.44,0.0641,0.1818,0.9091,284.16,7.62,116.9,83.3,0.0,592.09
248.0,0,116.45,0.9661,37.04,23.44,0.0642,0.1816,0.908,284.16,7.62,116.9,83.3,0.0,592.09
249.0,0,116.42,0.9661,37.04,23.44,0.0642,0.1815,0.9074,284.16,7.62,116.9,83.3,0.0,592.09
250.0,0,116.44,0.9661,37.04,23.44,0.064,0.1815,0.9075,284.16,7.62,116.9,83.3,0.0,592.09
251.0,0,116.46,0.9661,37.04,23.44,0.0636,0.1817,0.9085,284.16,7.62,116.9,83.3,0.0,592.09
252.0,0,116.44,0.9661,37.04,23.44,0.0633,0.182,0.9099,284.16,7.62,116.9,83.3,0.0,592.09
253.0,0,116.46,0.9661,37.04,23.44,0.0638,0.1821,0.9104,284.16,7.62,116.9,83.3,0.0,592.09
254.0,0,116.47,0.9661,37.04,23.44,0.0639,0.1822,0.9108,284.16,7.62,116.9,83.3,0.0,592.09
255.0,0,116.44,0.9661,37.05,23.26,0.064,0.1822,0.9109,284.16,7.62,116.9,83.3,0.0,592.09
256.0,0,116.49,0.966,37.05,23.26,0.0642,0.1822,0.9108,284.16,7.62,116.9,83.3,0.0,592.09
257.0,0,116.45,0.9661,37.05,23.26,0.0643,0.1821,0.9105,284.16,7.62,116.9,83.3,0.0,592.08
258.0,0,116.48,0.966,37.05,23.26,0.0645,0.182,0.9099,284.16,7.62,116.9,83.3,0.0,592.08
259.0,0,116.49,0.966,37.05,23.26,0.0647,0.1818,0.9091,284.16,7.62,116.9,83.3,0.0,592.08
260.0,0,116.46,0.966,37.05,23.26,0.0648,0.1816,0.9081,284.16,7.62,116.9,83.3,0.0,592.08
261.0,0,116.51,0.9659,37.05,23.26,0.0648,0.1815,0.9073,284.16,7.62,116.9,83.3,0.0,592.08
262.0,0,116.46,0.9659,37.05,23.26,0.0647,0.1814,0.9068,284.16,7.62,116.9,83.3,0.0,592.08
263.0,0,116.48,0.9659,37.05,23.26,0.0644,0.1814,0.907,284.16,7.62,117.0,83.3,0.0,592.08
264.0,0,116.48,0.9658,37.05,23.26,0.0639,0.1816,0.9082,284.16,7.62,117.0,83.3,0.0,592.08
265.0,0,116.45,0.9659,37.05,23.26,0.0635,0.1819,0.9096,284.16,7.62,117.0,83.3,0.0,592.08
266.0,0,116.47,0.9658,37.05,23.26,0.0641,0.182,0.9101,284.16,7.62,117.0,83.4,0.0,592.08
267.0,0,116.46,0.9658,37.05,23.26,0.0642,0.1821,0.9104,284.16,7.62,117.0,83.4,0.0,592.08
268.0,0,116.43,0.9658,37.05,23.26,0.0643,0.1821,0.9105,284.16,7.62,117.0,83.4,0.0,592.08
269.0,0,116.47,0.9657,37.05,23.26,0.0645,0.1821,0.9104,284.16,7.62,117.0,83.4,0.0,592.08
270.0,0,116.42,0.9657,37.05,23.26,0.0646,0.182,0.91,284.16,7.62,117.0,83.4,0.0,592.08
271.0,0,116.44,0.9657,37.05,23.26,0.0648,0.1819,0.9095,284.16,7.62,117.0,83.4,0.0,592.08
272.0,0,116.43,0.9657,37.06,23.26,0.065,0.1817,0.9086,284.16,7.62,117.0,83.4,0.0,592.08
273.0,0,116.4,0.9657,37.06,23.26,0.0651,0.1815,0.9076,284.16,7.62,117.0,83.4,0.0,592.08
274.0,0,116.45,0.9656,37.06,23.26,0.0651,0.1814,0.9068,284.16,7.62,117.0,83.4,0.0,592.07
275.0,0,116.39,0.9656,37.06,23.26,0.065,0.1813,0.9064,284.16,7.62,117.0,83.4,0.0,592.01
276.0,0,116.42,0.9656,37.06,23.26,0.0647,0.1813,0.9066,284.16,7.62,117.0,83.4,0.0,591.95
277.0,0,116.41,0.9656,37.06,23.26,0.0642,0.1816,0.9078,284.16,7.62,117.0,83.4,0.0,591.89
278.0,0,116.38,0.9656,37.06,23.26,0.0639,0.1818,0.9091,284.16,7.62,117.0,83.4,0.0,591.84
279.0,0,116.42,0.9655,37.06,23.26,0.0644,0.1819,0.9096,284.16,7.62,117.0,83.4,0.0,591.78
280.0,0,116.4,0.9655,37.06,23.44,0.0645,0.182,0.9099,284.16,7.62,117.0,83.4,0.0,591.72
281.0,0,116.38,0.9655,37.06,23.44,0.0646,0.182,0.91,284.16,7.61,117.0,83.5,0.0,591.66
282.0,0,116.42,0.9655,37.06,23.44,0.0648,0.182,0.9099,284.16,7.62,117.0,83.5,0.0,591.6
283.0,0,116.36,0.9655,37.06,23.44,0.065,0.1819,0.9095,284.16,7.61,117.0,83.5,0.0,591.55
284.0,0,116.4,0.9655,37.06,23.44,0.0651,0.1818,0.9089,284.16,7.61,117.0,83.5,0.0,591.49
285.0,0,116.38,0.9655,37.06,23.44,0.0653,0.1816,0.9081,284.16,7.61,117.0,83.5,0.0,591.43
286.0,0,116.37,0.9655,37.06,23.44,0.0654,0.1814,0.9071,284.16,7.61,117.0,83.5,0.0,591.37
287.0,0,116.4,0.9655,37.06,23.44,0.0654,0.1813,0.9063,284.16,7.61,117.1,83.5,0.0,591.31
288.0,0,116.35,0.9656,37.06,23.44,0.0652,0.1812,0.9059,284.16,7.61,117.0,83.5,0.0,591.25
289.0,0,116.4,0.9655,37.07,23.44,0.0649,0.1812,0.9062,284.16,7.61,117.1,83.5,0.0,591.2
290.0,0,116.38,0.9655,37.07,23.44,0.0645,0.1815,0.9074,284.16,7.61,117.0,83.5,0.0,591.14
291.0,0,116.37,0.9656,37.07,23.44,0.0641,0.1818,0.9088,284.16,7.61,117.0,83.5,0.0,591.08
292.0,0,116.42,0.9655,37.07,23.44,0.0647,0.1818,0.9092,284.16,7.61,117.1,83.5,0.0,591.02
293.0,0,116.39,0.9656,37.07,23.44,0.0648,0.1819,0.9095,284.16,7.61,117.0,83.5,0.0,590.96
294.0,0,116.4,0.9656,37.07,23.44,0.0649,0.1819,0.9096,284.16,7.61,117.1,83.5,0.0,590.9
295.0,0,116.43,0.9656,37.07,23.44,0.065,0.1819,0.9095,284.16,7.61,117.1,83.5,0.0,590.85
296.0,0,116.39,0.9656,37.07,23.44,0.0652,0.1818,0.9092,284.16,7.61,117.0,83.5,0.0,590.79
297.0,0,116.45,0.9656,37.07,23.44,0.0653,0.1817,0.9086,284.16,7.62,117.1,83.5,0.0,590.73
298.0,0,116.41,0.9656,37.07,23.44,0.0655,0.1816,0.9078,284.16,7.61,117.0,83.5,0.0,590.67
299.0,0,116.43,0.9656,37.07,23.44,0.0656,0.1814,0.9069,284.16,7.62,117.1,83.5,0.0,590.61
300.0,0,116.45,0.9656,37.07,23.44,0.0655,0.1812,0.9061,284.16,7.62,117.0,83.5,0.0,590.55
301.0,0,116.41,0.9656,37.07,23.44,0.0654,0.1811,0.9057,284.16,7.62,117.0,83.5,0.0,590.5
302.0,0,116.47,0.9656,37.07,23.44,0.0651,0.1812,0.906,284.16,7.62,117.1,83.4,0.0,590.44
303.0,0,116.42,0.9656,37.07,23.44,0.0646,0.1814,0.9072,284.16,7.62,117.0,83.5,0.0,590.38
304.0,0,116.42,0.9656,37.07,23.44,0.0643,0.1817,0.9086,284.16,7.62,117.0,83.5,0.0,590.32
305.0,0,116.47,0.9655,37.07,23.44,0.0648,0.1818,0.909,284.16,7.62,117.1,83.4,0.0,590.26
306.0,0,116.42,0.9656,37.08,23.44,0.0649,0.1819,0.9093,284.16,7.62,117.0,83.5,0.0,590.2
307.0,0,116.45,0.9655,37.08,23.44,0.065,0.1819,0.9094,284.16,7.62,117.1,83.5,0.0,590.14
308.0,0,116.45,0.9656,37.08,23.44,0.0652,0.1819,0.9093,284.16,7.62,117.1,83.4,0.0,590.09
309.0,0,116.42,0.9656,37.08,23.44,0.0653,0.1818,0.909,284.16,7.62,117.1,83.5,0.0,590.03
310.0,0,116.47,0.9655,37.08,23.44,0.0655,0.1817,0.9084,284.16,7.62,117.1,83.4,0.0,589.97
311.0,0,116.42,0.9656,37.08,23.44,0.0656,0.1815,0.9076,284.16,7.62,117.1,83.5,0.0,589.91
312.0,0,116.45,0.9655,37.08,23.44,0.0657,0.1813,0.9066,284.16,7.62,117.1,83.5,0.0,589.85
313.0,0,116.44,0.9655,37.08,23.44,0.0657,0.1812,0.9059,284.16,7.62,117.1,83.5,0.0,589.79
314.0,0,116.42,0.9655,37.08,23.44,0.0655,0.1811,0.9055,284.16,7.62,117.1,83.5,0.0,589.73
315.0,0,116.46,0.9655,37.08,23.44,0.0652,0.1812,0.9058,284.16,7.62,117.1,83.5,0.0,589.67
316.0,0,116.41,0.9655,37.08,23.44,0.0648,0.1814,0.907,284.16,7.62,117.1,83.5,0.0,589.62
317.0,0,116.42,0.9655,37.08,23.44,0.0644,0.1817,0.9084,284.16,7.62,117.1,83.5,0.0,589.56
318.0,0,116.45,0.9655,37.08,23.44,0.065,0.1818,0.9089,284.16,7.62,117.1,83.5,0.0,589.5
319.0,0,116.4,0.9655,37.08,23.44,0.0651,0.1818,0.9091,284.16,7.62,117.1,83.5,0.0,589.44
320.0,0,116.45,0.9655,37.08,23.44,0.0652,0.1818,0.9092,284.16,7.62,117.1,83.5,0.0,589.38
321.0,0,116.42,0.9655,37.08,23.44,0.0653,0.1818,0.9091,284.16,7.62,117.1,83.5,0.0,589.32
322.0,0,116.41,0.9655,37.08,23.44,0.0655,0.1817,0.9087,284.16,7.62,117.1,83.5,0.0,589.26
323.0,0,116.44,0.9655,37.09,23.44,0.0656,0.1816,0.9081,284.16,7.62,117.1,83.5,0.0,589.2
324.0,0,116.39,0.9655,37.09,23.44,0.0658,0.1815,0.9073,284.16,7.61,117.1,83.5,0.0,589.14
325.0,0,116.44,0.9655,37.09,23.44,0.0658,0.1813,0.9064,284.16,7.62,117.1,83.5,0.0,589.09
326.0,0,116.4,0.9655,37.09,23.44,0.0658,0.1811,0.9056,284.16,7.61,117.1,83.5,0.0,589.03
327.0,0,116.4,0.9655,37.09,23.44,0.0657,0.1811,0.9053,284.16,7.61,117.1,83.5,0.0,588.97
328.0,0,116.42,0.9655,37.09,23.44,0.0653,0.1811,0.9056,284.16,7.61,117.1,83.5,0.0,588.91
329.0,0,116.38,0.9655,37.09,23.44,0.0649,0.1814,0.9068,284.16,7.61,117.1,83.5,0.0,588.85
330.0,0,116.4,0.9654,37.09,23.44,0.0645,0.1816,0.9082,284.16,7.61,117.1,83.5,0.0,588.79
331.0,0,116.41,0.9654,37.09,23.44,0.0652,0.1817,0.9086,284.16,7.61,117.1,83.5,0.0,588.73
332.0,0,116.37,0.9655,37.09,23.44,0.0652,0.1818,0.9089,284.16,7.61,117.1,83.5,0.0,588.67
333.0,0,116.42,0.9654,37.09,23.44,0.0654,0.1818,0.909,284.16,7.61,117.1,83.5,0.0,588.61
334.0,0,116.37,0.9655,37.09,23.44,0.0655,0.1818,0.9088,284.16,7.61,117.1,83.5,0.0,588.55
335.0,0,116.39,0.9654,37.09,23.44,0.0656,0.1817,0.9085,284.16,7.61,117.1,83.5,0.0,588.5
336.0,0,116.39,0.9654,37.09,23.44,0.0658,0.1816,0.9079,284.16,7.61,117.1,83.5,0.0,588.44
337.0,0,116.35,0.9654,37.09,23.44,0.0659,0.1814,0.9071,284.16,7.61,117.1,83.5,0.0,588.38
338.0,0,116.4,0.9654,37.09,23.44,0.066,0.1812,0.9061,284.16,7.61,117.1,83.5,0.0,588.32
339.0,0,116.35,0.9654,37.09,23.44,0.066,0.1811,0.9054,284.16,7.61,117.1,83.5,0.0,588.26
340.0,0,116.37,0.9654,37.1,23.44,0.0658,0.181,0.9051,284.16,7.61,117.1,83.5,0.0,588.2
341.0,0,116.37,0.9654,37.1,23.44,0.0655,0.1811,0.9054,284.16,7.61,117.1,83.5,0.0,588.14
342.0,0,116.34,0.9654,37.1,23.44,0.0651,0.1813,0.9066,284.16,7.61,117.1,83.5,0.0,588.08
343.0,0,116.37,0.9654,37.1,23.44,0.0647,0.1816,0.908,284.16,7.61,117.1,83.5,0.0,588.02
344.0,0,116.36,0.9654,37.1,23.44,0.0653,0.1817,0.9084,284.16,7.61,117.1,83.5,0.0,587.96
345.0,0,116.33,0.9654,37.1,23.44,0.0654,0.1817,0.9087,284.16,7.61,117.1,83.5,0.0,587.9
346.0,0,116.37,0.9654,37.1,23.44,0.0655,0.1817,0.9087,284.16,7.61,117.1,83.5,0.0,587.84
347.0,0,116.32,0.9654,37.1,23.44,0.0657,0.1817,0.9086,284.16,7.61,117.1,83.5,0.0,587.78
348.0,0,116.36,0.9653,37.1,23.44,0.0658,0.1816,0.9082,284.16,7.61,117.1,83.5,0.31,587.72
349.0,0,116.33,0.9654,37.1,23.44,0.066,0.1815,0.9076,284.16,7.61,117.1,83.5,0.89,587.67
350.0,0,116.32,0.9654,37.1,23.44,0.0661,0.1814,0.9068,284.16,7.61,117.1,83.6,1.48,587.61
351.0,0,116.35,0.9653,37.1,23.44,0.0662,0.1812,0.9059,284.16,7.61,117.1,83.5,2.06,587.55
352.0,0,116.3,0.9654,37.1,23.44,0.0661,0.181,0.9052,284.16,7.6,117.1,83.6,2.64,587.49
353.0,0,116.34,0.9653,37.1,23.44,0.0659,0.181,0.9049,284.16,7.61,117.1,83.6,3.22,587.43
354.0,0,116.31,0.9653,37.1,23.44,0.0656,0.181,0.9052,284.16,7.6,117.1,83.6,3.79,587.37
355.0,0,116.31,0.9654,37.1,23.44,0.0652,0.1813,0.9064,284.16,7.6,117.1,83.6,4.36,587.31
356.0,0,116.34,0.9653,37.11,23.44,0.0648,0.1816,0.9078,284.16,7.6,117.1,83.6,4.93,587.25
357.0,0,116.3,0.9653,37.11,23.44,0.0655,0.1816,0.9082,284.16,7.6,117.1,83.6,5.51,587.19
358.0,0,116.3,0.9653,37.11,23.44,0.0656,0.1817,0.9084,284.16,7.6,117.1,83.6,6.09,587.13
359.0,0,116.32,0.9653,37.11,23.44,0.0657,0.1817,0.9085,284.16,7.6,117.1,83.6,6.68,587.07
360.0,0,116.27,0.9653,37.11,23.44,0.0658,0.1817,0.9083,284.16,7.6,117.1,83.6,7.26,587.01
361.0,0,116.32,0.9653,37.11,23.44,0.066,0.1816,0.908,284.16,7.6,117.1,83.6,7.86,586.95
362.0,0,116.28,0.9653,37.11,23.44,0.0661,0.1815,0.9074,284.16,7.6,117.1,83.6,8.49,586.89
363.0,0,116.29,0.9653,37.11,23.44,0.0662,0.1813,0.9066,284.16,7.6,117.1,83.6,9.08,586.83
364.0,0,116.3,0.9653,37.11,23.44,0.0663,0.1811,0.9056,284.16,7.6,117.1,83.6,9.66,586.77
365.0,0,116.26,0.9653,37.11,23.44,0.0663,0.181,0.9049,284.16,7.6,117.1,83.6,10.24,586.71
366.0,0,116.3,0.9653,37.11,23.44,0.0661,0.1809,0.9047,284.16,7.6,117.1,83.6,10.81,586.65
367.0,0,116.26,0.9653,37.11,23.62,0.0658,0.181,0.905,284.16,7.6,117.1,83.6,11.37,586.59
368.0,0,116.27,0.9653,37.11,23.62,0.0653,0.1813,0.9063,284.16,7.6,117.1,83.6,11.92,586.53
369.0,0,116.29,0.9653,37.11,23.62,0.065,0.1815,0.9076,284.16,7.6,117.1,83.6,12.49,586.47
370.0,0,116.24,0.9653,37.11,23.62,0.0656,0.1816,0.908,284.16,7.6,117.1,83.6,13.07,586.41
371.0,0,116.26,0.9653,37.11,23.62,0.0657,0.1816,0.9082,284.16,7.6,117.1,83.6,13.66,586.35
372.0,0,116.25,0.9653,37.11,23.62,0.0658,0.1817,0.9083,284.16,7.6,117.1,83.6,14.25,586.29
373.0,0,116.22,0.9653,37.12,23.62,0.066,0.1816,0.9081,284.16,7.6,117.1,83.6,14.83,586.23
374.0,0,116.26,0.9653,37.12,23.62,0.0661,0.1816,0.9078,284.16,7.6,117.1,83.6,15.46,586.17
375.0,0,116.21,0.9654,37.12,23.62,0.0662,0.1814,0.9072,284.16,7.6,117.1,83.6,16.13,586.11
376.0,0,116.25,0.9653,37.12,23.62,0.0664,0.1813,0.9064,284.16,7.6,117.1,83.6,16.72,586.05
377.0,0,116.24,0.9654,37.12,23.62,0.0664,0.1811,0.9055,284.16,7.6,117.1,83.6,17.3,585.99
378.0,0,116.23,0.9654,37.12,23.62,0.0664,0.181,0.9048,284.16,7.6,117.1,83.6,17.88,585.94
379.0,0,116.27,0.9654,37.12,23.62,0.0662,0.1809,0.9045,284.16,7.6,117.1,83.6,18.44,585.88
380.0,0,116.22,0.9654,37.12,23.62,0.0659,0.181,0.9049,284.16,7.6,117.1,83.6,18.98,585.82
381.0,0,116.27,0.9654,37.12,23.62,0.0654,0.1812,0.9061,284.16,7.6,117.1,83.6,19.52,585.76
382.0,0,116.27,0.9654,37.12,23.62,0.0651,0.1815,0.9075,284.16,7.6,117.1,83.6,20.07,585.7
383.0,0,116.23,0.9655,37.12,23.62,0.0657,0.1816,0.9079,284.16,7.6,117.1,83.6,20.66,585.64
384.0,0,116.28,0.9654,37.12,23.62,0.0658,0.1816,0.9081,284.16,7.6,117.1,83.6,21.25,585.58
385.0,0,116.25,0.9655,37.12,23.62,0.0659,0.1816,0.9082,284.16,7.6,117.1,83.6,21.84,585.52
386.0,0,116.26,0.9655,37.12,23.62,0.066,0.1816,0.908,284.16,7.6,117.1,83.6,22.44,585.46
387.0,0,116.28,0.9655,37.12,23.62,0.0662,0.1815,0.9076,284.16,7.6,117.1,83.6,23.08,585.4
388.0,0,116.24,0.9655,37.12,23.62,0.0663,0.1814,0.9071,284.16,7.6,117.1,83.6,23.8,585.34
389.0,0,116.29,0.9655,37.13,23.62,0.0664,0.1813,0.9063,284.16,7.6,117.1,83.6,24.39,585.28
390.0,0,116.24,0.9655,37.13,23.62,0.0665,0.1811,0.9054,284.16,7.6,117.1,83.6,24.98,585.22
391.0,0,116.27,0.9655,37.13,23.62,0.0664,0.1809,0.9047,284.16,7.6,117.1,83.6,25.55,585.16
392.0,0,116.27,0.9655,37.13,23.62,0.0662,0.1809,0.9044,284.16,7.6,117.1,83.6,26.1,585.1
393.0,0,116.24,0.9655,37.13,23.62,0.0659,0.181,0.9048,284.16,7.6,117.1,83.6,26.63,585.04
394.0,0,116.28,0.9655,37.13,23.62,0.0655,0.1812,0.9061,284.16,7.6,117.1,83.6,27.14,584.98
395.0,0,116.26,0.9655,37.13,23.62,0.0651,0.1815,0.9074,284.16,7.6,117.1,83.6,27.69,584.92
396.0,0,116.23,0.9655,37.13,23.62,0.0658,0.1816,0.9078,284.16,7.6,117.1,83.6,28.28,584.86
397.0,0,116.27,0.9655,37.13,23.62,0.0659,0.1816,0.908,284.16,7.6,117.1,83.6,28.88,584.8
398.0,0,116.22,0.9655,37.13,23.62,0.066,0.1816,0.9081,284.16,7.6,117.1,83.6,29.47,584.74
399.0,0,116.26,0.9655,37.13,23.62,0.0661,0.1816,0.9079,284.16,7.6,117.1,83.6,30.07,584.68
400.0,0,116.24,0.9655,37.13,23.62,0.0663,0.1815,0.9075,284.16,7.6,117.1,83.6,30.74,584.62
401.0,0,116.22,0.9655,37.13,23.62,0.0664,0.1814,0.9069,284.16,7.6,117.1,83.6,31.5,584.56
402.0,0,116.25,0.9655,37.13,23.62,0.0665,0.1812,0.9061,284.16,7.6,117.1,83.6,32.09,584.5
403.0,0,116.2,0.9655,37.13,23.62,0.0666,0.181,0.9052,284.16,7.6,117.1,83.6,32.68,584.44
404.0,0,116.25,0.9655,37.13,23.62,0.0665,0.1809,0.9045,284.16,7.6,117.1,83.6,33.25,584.38
405.0,0,116.21,0.9655,37.13,23.62,0.0663,0.1809,0.9043,284.16,7.6,117.1,83.6,33.79,584.32
406.0,0,116.21,0.9655,37.14,23.62,0.066,0.1809,0.9047,284.16,7.59,117.1,83.6,34.31,584.26
407.0,0,116.23,0.9655,37.14,23.62,0.0656,0.1812,0.9059,284.16,7.6,117.1,83.6,34.8,584.2
408.0,0,116.2,0.9655,37.14,23.62,0.0652,0.1815,0.9073,284.16,7.59,117.1,83.6,35.34,584.14
409.0,0,116.21,0.9655,37.14,23.62,0.0659,0.1815,0.9077,284.16,7.59,117.1,83.6,35.93,584.08
410.0,0,116.21,0.9655,37.14,23.62,0.066,0.1816,0.9079,284.16,7.59,117.1,83.6,36.53,584.02
411.0,0,116.17,0.9655,37.14,23.62,0.0661,0.1816,0.9079,284.16,7.59,117.1,83.6,37.13,583.96
412.0,0,116.22,0.9654,37.14,23.62,0.0662,0.1815,0.9077,284.16,7.59,117.1,83.6,37.74,583.9
413.0,0,116.17,0.9655,37.14,23.62,0.0664,0.1815,0.9073,284.16,7.59,117.1,83.6,38.42,583.84
414.0,0,116.19,0.9654,37.14,23.62,0.0665,0.1813,0.9067,284.16,7.59,117.1,83.6,39.23,583.77
415.0,0,116.19,0.9655,37.14,23.62,0.0666,0.1812,0.9059,284.16,7.59,117.1,83.6,39.83,583.71
416.0,0,116.16,0.9655,37.14,23.62,0.0667,0.181,0.905,284.16,7.59,117.1,83.6,40.42,583.65
417.0,0,116.2,0.9654,37.14,23.62,0.0666,0.1809,0.9044,284.16,7.59,117.1,83.6,40.98,583.59
418.0,0,116.15,0.9655,37.14,23.62,0.0664,0.1808,0.9041,284.16,7.59,117.1,83.6,41.51,583.53
419.0,0,116.18,0.9654,37.14,23.62,0.0661,0.1809,0.9046,284.16,7.59,117.1,83.6,42.01,583.47
420.0,0,116.16,0.9654,37.14,23.62,0.0657,0.1812,0.9058,284.16,7.59,117.1,83.6,42.49,583.41
421.0,0,116.13,0.9655,37.14,23.62,0.0653,0.1814,0.9071,284.16,7.59,117.1,83.6,43.01,583.35
422.0,0,116.17,0.9654,37.15,23.62,0.066,0.1815,0.9075,284.16,7.59,117.1,83.6,43.61,583.29
423.0,0,116.14,0.9654,37.15,23.62,0.0661,0.1815,0.9077,284.16,7.59,117.1,83.6,44.22,583.23
424.0,0,116.13,0.9654,37.15,23.62,0.0662,0.1815,0.9077,284.16,7.59,117.1,83.6,44.82,583.17
425.0,0,116.16,0.9654,37.15,23.62,0.0663,0.1815,0.9076,284.16,7.59,117.1,83.6,45.43,583.11
426.0,0,116.11,0.9654,37.15,23.62,0.0665,0.1814,0.9072,284.16,7.59,117.1,83.6,46.14,583.05
427.0,0,116.15,0.9654,37.15,23.62,0.0666,0.1813,0.9065,284.16,7.59,117.1,83.6,46.99,582.99
428.0,0,116.12,0.9654,37.15,23.62,0.0667,0.1811,0.9057,284.16,7.59,117.1,83.6,47.59,582.93
429.0,0,116.12,0.9654,37.15,23.62,0.0668,0.181,0.9048,284.16,7.59,117.1,83.6,48.18,582.87
430.0,0,116.13,0.9654,37.15,23.62,0.0667,0.1808,0.9042,284.16,7.59,117.1,83.6,48.73,582.81
431.0,0,116.09,0.9654,37.15,23.62,0.0665,0.1808,0.904,284.16,7.58,117.1,83.6,49.26,582.75
432.0,0,116.14,0.9654,37.15,23.62,0.0662,0.1809,0.9044,284.16,7.59,117.1,83.6,49.74,582.69
433.0,0,116.09,0.9654,37.15,23.62,0.0658,0.1811,0.9057,284.16,7.58,117.1,83.6,50.2,582.63
434.0,0,116.08,0.9654,37.15,23.62,0.0654,0.1814,0.907,284.16,7.58,117.1,83.6,50.72,582.57
435.0,0,116.13,0.9654,37.15,23.62,0.0661,0.1815,0.9073,284.16,7.58,117.1,83.6,51.32,582.51
436.0,0,116.08,0.9654,37.15,23.62,0.0662,0.1815,0.9076,284.16,7.58,117.1,83.6,51.93,582.45
437.0,0,116.1,0.9654,37.15,23.62,0.0663,0.1815,0.9076,284.16,7.58,117.1,83.6,52.53,582.39
438.0,0,116.09,0.9654,37.15,23.62,0.0665,0.1815,0.9074,284.16,7.58,117.1,83.6,53.15,582.33
439.0,0,116.06,0.9654,37.16,23.62,0.0666,0.1814,0.907,284.16,7.58,117.1,83.6,53.88,582.27
440.0,0,116.1,0.9654,37.16,23.62,0.0667,0.1813,0.9064,284.16,7.58,117.1,83.6,54.77,582.2
441.0,0,116.05,0.9654,37.16,23.62,0.0668,0.1811,0.9056,284.16,7.58,117.1,83.7,55.37,582.14
442.0,0,116.09,0.9654,37.16,23.62,0.0669,0.1809,0.9047,284.16,7.58,117.1,83.7,55.96,582.08
443.0,0,116.07,0.9654,37.16,23.62,0.0668,0.1808,0.904,284.16,7.58,117.1,83.7,56.51,582.02
444.0,0,116.05,0.9654,37.16,23.62,0.0666,0.1808,0.9038,284.16,7.58,117.1,83.7,57.03,581.96
445.0,0,116.08,0.9654,37.16,23.62,0.0663,0.1809,0.9043,284.16,7.58,117.1,83.7,57.49,581.9
446.0,0,116.03,0.9654,37.16,23.62,0.0659,0.1811,0.9055,284.16,7.58,117.1,83.7,57.93,581.84
447.0,0,116.04,0.9654,37.16,23.62,0.0655,0.1814,0.9068,284.16,7.58,117.1,83.7,58.44,581.78
448.0,0,116.07,0.9654,37.16,23.62,0.0662,0.1814,0.9072,284.16,7.58,117.1,83.7,59.04,581.72
449.0,0,116.02,0.9654,37.16,23.62,0.0663,0.1815,0.9074,284.16,7.58,117.1,83.7,59.65,581.66
450.0,0,116.07,0.9653,37.16,23.62,0.0664,0.1815,0.9074,284.16,7.58,117.1,83.7,60.26,581.6
451.0,0,116.03,0.9654,37.16,23.62,0.0666,0.1814,0.9072,284.16,7.58,117.1,83.7,60.89,581.54
452.0,0,116.03,0.9653,37.16,23.62,0.0667,0.1814,0.9068,284.16,7.58,117.1,83.7,61.63,581.48
453.0,0,116.04,0.9654,37.16,23.62,0.0669,0.1812,0.9062,284.16,7.58,117.1,83.7,62.57,581.42
454.0,0,116.0,0.9654,37.16,23.62,0.067,0.1811,0.9054,284.16,7.58,117.1,83.7,63.17,581.36
455.0,0,116.05,0.9653,37.17,23.62,0.067,0.1809,0.9045,284.16,7.58,117.1,83.7,63.76,581.29
456.0,0,116.0,0.9654,37.17,23.62,0.0669,0.1808,0.9039,284.16,7.57,117.1,83.7,64.3,581.23
457.0,0,116.02,0.9653,37.17,23.62,0.0667,0.1807,0.9037,284.16,7.58,117.1,83.7,64.81,581.17
458.0,0,116.02,0.9653,37.17,23.62,0.0664,0.1808,0.9041,284.16,7.57,117.1,83.7,65.26,581.11
459.0,0,115.99,0.9654,37.17,23.62,0.066,0.1811,0.9054,284.16,7.57,117.1,83.7,65.68,581.05
460.0,0,116.01,0.9653,37.17,23.62,0.0656,0.1813,0.9067,284.16,7.57,117.1,83.7,66.17,580.99
461.0,0,116.0,0.9653,37.17,23.62,0.0663,0.1814,0.9071,284.16,7.57,117.1,83.7,66.78,580.93
462.0,0,115.98,0.9653,37.17,23.62,0.0664,0.1815,0.9073,284.16,7.57,117.1,83.7,67.39,580.87
463.0,0,116.02,0.9653,37.17,23.62,0.0665,0.1815,0.9073,284.16,7.57,117.1,83.7,68.01,580.81
464.0,0,115.97,0.9654,37.17,23.62,0.0667,0.1814,0.9071,284.16,7.57,117.1,83.7,68.63,580.75
465.0,0,116.0,0.9653,37.17,23.62,0.0668,0.1813,0.9067,284.16,7.57,117.1,83.7,69.4,580.69
466.0,0,115.98,0.9653,37.17,23.62,0.067,0.1812,0.906,284.16,7.57,117.1,83.7,70.39,580.63
467.0,0,115.97,0.9653,37.17,23.81,0.067,0.181,0.9052,284.16,7.57,117.1,83.7,70.98,580.56
468.0,0,115.99,0.9653,37.17,23.81,0.0671,0.1809,0.9043,284.16,7.57,117.1,83.7,71.57,580.5
469.0,0,115.94,0.9654,37.17,23.81,0.067,0.1807,0.9037,284.16,7.57,117.1,83.7,72.11,580.44
470.0,0,115.98,0.9653,37.17,23.81,0.0668,0.1807,0.9035,284.16,7.57,117.1,83.7,72.6,580.38
471.0,0,115.94,0.9654,37.17,23.81,0.0665,0.1808,0.904,284.16,7.57,117.1,83.7,73.03,580.32
472.0,0,115.94,0.9654,37.18,23.81,0.0661,0.1811,0.9053,284.16,7.57,117.1,83.7,73.43,580.26
473.0,0,115.97,0.9654,37.18,23.81,0.0657,0.1813,0.9066,284.16,7.57,117.1,83.7,73.91,580.2
474.0,0,115.93,0.9654,37.18,23.81,0.0664,0.1814,0.9069,284.16,7.57,117.1,83.7,74.52,580.14
475.0,0,115.95,0.9654,37.18,23.81,0.0665,0.1814,0.9072,284.16,7.57,117.1,83.7,75.13,580.08
476.0,0,115.95,0.9654,37.18,23.81,0.0666,0.1814,0.9072,284.16,7.57,117.1,83.7,75.75,580.02
477.0,0,115.93,0.9655,37.18,23.81,0.0667,0.1814,0.907,284.16,7.57,117.1,83.7,76.38,579.96
478.0,0,115.98,0.9655,37.18,23.81,0.0669,0.1813,0.9066,284.16,7.57,117.1,83.7,77.17,579.89
479.0,0,115.93,0.9655,37.18,23.81,0.067,0.1812,0.9059,284.16,7.57,117.1,83.7,78.19,579.83
480.0,0,115.97,0.9655,37.18,23.81,0.0671,0.181,0.9051,284.16,7.57,117.1,83.7,78.79,579.77
481.0,0,115.96,0.9655,37.18,23.81,0.0671,0.1809,0.9043,284.16,7.57,117.1,83.7,79.37,579.71
482.0,0,115.95,0.9655,37.18,23.81,0.0671,0.1807,0.9037,284.16,7.57,117.1,83.7,79.9,579.65
483.0,0,115.99,0.9655,37.18,23.81,0.0669,0.1807,0.9035,284.16,7.57,117.1,83.7,80.38,579.59
484.0,0,115.94,0.9656,37.18,23.81,0.0665,0.1808,0.904,284.16,7.57,117.1,83.7,80.8,579.53
485.0,0,115.99,0.9655,37.18,23.81,0.0661,0.181,0.9052,284.16,7.57,117.1,83.7,81.17,579.47
486.0,0,115.99,0.9655,37.18,23.81,0.0657,0.1813,0.9065,284.16,7.57,117.1,83.7,81.64,579.41
487.0,0,115.95,0.9656,37.18,23.81,0.0664,0.1814,0.9069,284.16,7.57,117.1,83.7,82.25,579.35
488.0,0,116.0,0.9655,37.19,23.81,0.0665,0.1814,0.9071,284.16,7.57,117.1,83.7,82.87,579.28
489.0,0,115.96,0.9656,37.19,23.81,0.0666,0.1814,0.9071,284.16,7.57,117.1,83.7,83.49,579.22
490.0,0,115.97,0.9656,37.19,23.81,0.0668,0.1814,0.9069,284.16,7.57,117.1,83.7,84.12,579.16
491.0,0,115.98,0.9656,37.19,23.81,0.0669,0.1813,0.9065,284.16,7.57,117.1,83.7,84.93,579.1
492.0,0,115.95,0.9656,37.19,23.81,0.067,0.1812,0.9059,284.16,7.57,117.0,83.7,85.99,579.04
493.0,0,115.99,0.9656,37.19,23.81,0.0671,0.181,0.9051,284.16,7.57,117.1,83.7,86.59,578.98
494.0,0,115.94,0.9656,37.19,23.81,0.0671,0.1808,0.9042,284.16,7.57,117.0,83.7,87.17,578.92
495.0,0,115.97,0.9656,37.19,23.81,0.0671,0.1807,0.9036,284.16,7.57,117.0,83.7,87.7,578.86
496.0,0,115.96,0.9656,37.19,23.81,0.0669,0.1807,0.9035,284.16,7.57,117.0,83.7,88.17,578.8
497.0,0,115.94,0.9656,37.19,23.81,0.0665,0.1808,0.904,284.16,7.57,117.0,83.7,88.56,578.74
498.0,0,115.98,0.9656,37.19,23.81,0.0661,0.181,0.9052,284.16,7.57,117.0,83.6,88.92,578.67
499.0,0,115.95,0.9656,37.19,23.81,0.0657,0.1813,0.9065,284.16,7.57,117.0,83.7,89.38,578.61
500.0,0,115.94,0.9656,37.19,23.81,0.0665,0.1814,0.9069,284.16,7.57,117.0,83.7,89.99,578.55
501.0,0,115.96,0.9656,37.19,23.81,0.0666,0.1814,0.9071,284.16,7.57,117.0,83.7,90.61,578.49
502.0,0,115.92,0.9656,37.19,23.81,0.0667,0.1814,0.9071,284.16,7.57,117.0,83.7,91.23,578.43
503.0,0,115.96,0.9656,37.19,23.81,0.0668,0.1814,0.9069,284.16,7.57,117.0,83.7,91.86,578.37
504.0,0,115.92,0.9656,37.2,23.81,0.0669,0.1813,0.9064,284.16,7.57,117.0,83.7,92.69,578.31
505.0,0,115.93,0.9656,37.2,23.81,0.0671,0.1812,0.9058,284.16,7.57,117.0,83.7,93.8,578.25
506.0,0,115.94,0.9656,37.2,23.81,0.0672,0.181,0.905,284.16,7.57,117.0,83.7,94.4,578.19
507.0,0,115.9,0.9656,37.2,23.81,0.0672,0.1808,0.9041,284.16,7.57,117.0,83.7,94.98,578.13
508.0,0,115.95,0.9656,37.2,23.81,0.0671,0.1807,0.9035,284.16,7.57,117.0,83.7,95.49,578.06
509.0,0,115.9,0.9656,37.2,23.81,0.0669,0.1807,0.9034,284.16,7.57,117.0,83.7,95.95,578.0
510.0,0,115.92,0.9656,37.2,23.81,0.0666,0.1808,0.9039,284.16,7.57,117.0,83.7,96.33,577.94
511.0,0,115.91,0.9656,37.2,23.81,0.0662,0.181,0.9051,284.16,7.57,117.0,83.7,96.67,577.88
512.0,0,115.88,0.9656,37.2,23.81,0.0658,0.1813,0.9064,284.16,7.57,117.0,83.7,97.11,577.82
513.0,0,115.92,0.9656,37.2,23.81,0.0665,0.1814,0.9068,284.16,7.57,117.0,83.7,97.73,577.76
514.0,0,115.9,0.9656,37.2,23.81,0.0666,0.1814,0.907,284.16,7.57,117.0,83.7,98.35,577.7
515.0,0,115.88,0.9656,37.2,23.81,0.0667,0.1814,0.907,284.16,7.56,117.0,83.7,98.97,577.64
516.0,0,115.91,0.9656,37.2,23.81,0.0669,0.1814,0.9068,284.16,7.57,117.0,83.7,99.61,577.58
517.0,0,115.86,0.9656,37.2,23.81,0.067,0.1813,0.9063,284.16,7.56,117.0,83.7,100.46,577.51
518.0,0,115.9,0.9656,37.2,23.81,0.0671,0.1811,0.9057,284.16,7.56,117.0,83.7,101.61,577.45
519.0,0,115.87,0.9656,37.2,23.81,0.0672,0.181,0.9049,284.16,7.56,117.0,83.7,102.2,577.39
520.0,0,115.87,0.9656,37.2,23.81,0.0673,0.1808,0.904,284.16,7.56,117.0,83.7,102.78,577.33
521.0,0,115.88,0.9656,37.21,23.81,0.0672,0.1807,0.9034,284.16,7.56,117.0,83.7,103.29,577.27
522.0,0,115.84,0.9656,37.21,23.81,0.067,0.1807,0.9033,284.16,7.56,117.0,83.7,103.74,577.21
523.0,0,115.89,0.9655,37.21,23.81,0.0667,0.1808,0.9038,284.16,7.56,117.0,83.7,104.1,577.15
524.0,0,115.84,0.9656,37.21,23.81,0.0662,0.181,0.9051,284.16,7.56,117.0,83.7,104.41,577.09
525.0,0,115.83,0.9656,37.21,23.81,0.0659,0.1813,0.9063,284.16,7.56,117.0,83.7,104.85,577.03
526.0,0,115.88,0.9655,37.21,23.81,0.0666,0.1813,0.9067,284.16,7.56,117.0,83.7,105.46,576.96
527.0,0,115.83,0.9656,37.21,23.81,0.0667,0.1814,0.9069,284.16,7.56,117.0,83.7,106.08,576.9
528.0,0,115.86,0.9655,37.21,23.81,0.0668,0.1814,0.9069,284.16,7.56,117.0,83.7,106.71,576.84
529.0,0,115.84,0.9656,37.21,23.81,0.067,0.1813,0.9066,284.16,7.56,117.0,83.7,107.35,576.78
530.0,0,115.82,0.9656,37.21,23.81,0.0671,0.1812,0.9062,284.16,7.56,117.0,83.7,108.22,576.72
531.0,0,115.85,0.9655,37.21,23.81,0.0672,0.1811,0.9056,284.16,7.56,117.0,83.7,109.41,576.66
532.0,0,115.8,0.9656,37.21,23.81,0.0673,0.181,0.9048,284.16,7.56,117.0,83.7,110.01,576.6
533.0,0,115.84,0.9655,37.21,23.81,0.0673,0.1808,0.9039,284.16,7.56,117.0,83.7,110.58,576.53
534.0,0,115.81,0.9656,37.21,23.81,0.0673,0.1807,0.9033,284.16,7.56,117.0,83.7,111.09,576.47
535.0,0,115.81,0.9656,37.21,23.81,0.0671,0.1806,0.9032,284.16,7.56,117.0,83.7,111.52,576.41
536.0,0,115.83,0.9655,37.21,23.81,0.0667,0.1807,0.9037,284.16,7.56,117.0,83.7,111.87,576.35
537.0,0,115.79,0.9656,37.22,23.81,0.0663,0.181,0.905,284.16,7.56,117.0,83.7,112.16,576.29
538.0,0,115.81,0.9655,37.22,23.81,0.0659,0.1812,0.9062,284.16,7.56,117.0,83.7,112.58,576.23
539.0,0,115.82,0.9655,37.22,23.81,0.0667,0.1813,0.9066,284.16,7.56,117.0,83.7,113.2,576.17
540.0,0,115.78,0.9656,37.22,23.81,0.0668,0.1814,0.9068,284.16,7.55,117.0,83.7,113.82,576.11
541.0,0,115.82,0.9655,37.22,23.81,0.0669,0.1814,0.9068,284.16,7.56,117.0,83.7,114.44,576.04
542.0,0,115.77,0.9656,37.22,23.81,0.067,0.1813,0.9065,284.16,7.55,117.0,83.7,115.09,575.98
543.0,0,115.8,0.9655,37.22,23.81,0.0672,0.1812,0.9061,284.16,7.56,117.0,83.7,115.98,575.92
544.0,0,115.79,0.9655,37.22,23.81,0.0673,0.1811,0.9055,284.16,7.55,117.0,83.7,117.21,575.86
545.0,0,115.76,0.9655,37.22,23.81,0.0674,0.1809,0.9047,284.16,7.55,117.0,83.7,117.81,575.8
546.0,0,115.8,0.9655,37.22,23.81,0.0674,0.1808,0.9038,284.16,7.55,117.0,83.7,118.38,575.74
547.0,0,115.75,0.9656,37.22,23.81,0.0673,0.1806,0.9032,284.16,7.55,117.0,83.7,118.88,575.68
548.0,0,115.79,0.9655,37.22,23.81,0.0671,0.1806,0.9031,284.16,7.55,117.0,83.7,119.3,575.61
549.0,0,115.76,0.9655,37.22,23.81,0.0668,0.1807,0.9036,284.16,7.55,117.0,83.7,119.63,575.55
550.0,0,115.75,0.9656,37.22,23.81,0.0663,0.181,0.9049,284.16,7.55,117.0,83.7,119.9,575.49
551.0,0,115.78,0.9655,37.22,23.81,0.066,0.1812,0.9061,284.16,7.55,117.0,83.7,120.31,575.43
552.0,0,115.75,0.9656,37.22,23.81,0.0668,0.1813,0.9065,284.16,7.55,117.0,83.7,120.93,575.37
553.0,0,115.75,0.9655,37.22,23.81,0.0669,0.1813,0.9067,284.16,7.55,117.0,83.7,121.55,575.31
554.0,0,115.76,0.9655,37.23,23.81,0.067,0.1813,0.9067,284.16,7.55,117.0,83.7,122.17,575.25
555.0,0,115.72,0.9655,37.23,23.81,0.0671,0.1813,0.9064,284.16,7.55,117.0,83.7,122.83,575.18
556.0,0,115.77,0.9655,37.23,23.81,0.0672,0.1812,0.906,284.16,7.55,117.0,83.7,123.74,575.12
557.0,0,115.72,0.9656,37.23,23.81,0.0674,0.1811,0.9054,284.16,7.55,117.0,83.7,125.01,575.06
558.0,0,115.74,0.9655,37.23,23.81,0.0675,0.1809,0.9045,284.16,7.55,117.0,83.7,125.6,575.0
559.0,0,115.74,0.9655,37.23,23.81,0.0675,0.1807,0.9037,284.16,7.55,117.0,83.7,126.17,574.94
560.0,0,115.71,0.9655,37.23,23.81,0.0674,0.1806,0.9031,284.16,7.55,117.0,83.7,126.66,574.88
561.0,0,115.75,0.9655,37.23,23.81,0.0672,0.1806,0.903,284.16,7.55,117.0,83.7,127.07,574.82
562.0,0,115.7,0.9655,37.23,23.81,0.0668,0.1807,0.9035,284.16,7.55,117.0,83.8,127.38,574.75
563.0,0,115.73,0.9655,37.23,23.81,0.0664,0.181,0.9048,284.16,7.55,117.0,83.8,127.63,574.69
564.0,0,115.74,0.9655,37.23,23.81,0.0661,0.1812,0.906,284.16,7.55,117.0,83.8,128.03,574.63
565.0,0,115.69,0.9655,37.23,23.81,0.0668,0.1813,0.9064,284.16,7.55,117.0,83.8,128.65,574.57
566.0,0,115.73,0.9655,37.23,23.81,0.0669,0.1813,0.9066,284.16,7.55,117.0,83.8,129.27,574.51
567.0,0,115.7,0.9655,37.23,23.81,0.067,0.1813,0.9066,284.16,7.55,117.0,83.8,129.9,574.45
568.0,0,115.69,0.9655,37.23,23.81,0.0672,0.1813,0.9063,284.16,7.55,117.0,83.8,130.55,574.38
569.0,0,115.71,0.9655,37.23,23.81,0.0673,0.1812,0.9059,284.16,7.55,117.0,83.8,131.49,574.32
570.0,0,115.67,0.9655,37.24,23.81,0.0674,0.1811,0.9053,284.16,7.54,117.0,83.8,132.79,574.26
571.0,0,115.71,0.9655,37.24,23.81,0.0675,0.1809,0.9044,284.16,7.55,117.1,83.8,133.39,574.2
572.0,0,115.67,0.9655,37.24,23.81,0.0675,0.1807,0.9036,284.16,7.54,117.0,83.8,133.95,574.14
573.0,0,115.69,0.9655,37.24,23.81,0.0675,0.1806,0.903,284.16,7.54,117.1,83.8,134.44,574.08
574.0,0,115.69,0.9655,37.24,23.81,0.0672,0.1806,0.9029,284.16,7.54,117.0,83.8,134.84,574.02
575.0,0,115.65,0.9655,37.24,23.81,0.0669,0.1807,0.9034,284.16,7.54,117.0,83.8,135.12,573.95
576.0,0,115.7,0.9655,37.24,23.81,0.0665,0.1809,0.9047,284.16,7.54,117.1,83.8,135.35,573.89
577.0,0,115.67,0.9655,37.24,23.81,0.0661,0.1812,0.906,284.16,7.54,117.0,83.8,135.74,573.83
578.0,0,115.65,0.9655,37.24,23.81,0.0669,0.1813,0.9063,284.16,7.54,117.0,83.8,136.36,573.77
579.0,0,115.69,0.9655,37.24,23.81,0.067,0.1813,0.9065,284.16,7.54,117.1,83.8,136.98,573.71
580.0,0,115.64,0.9655,37.24,23.81,0.0671,0.1813,0.9065,284.16,7.54,117.0,83.8,137.61,573.65
581.0,0,115.67,0.9655,37.24,23.81,0.0672,0.1813,0.9063,284.16,7.54,117.1,83.8,138.27,573.58
582.0,0,115.65,0.9655,37.24,23.81,0.0674,0.1812,0.9058,284.16,7.54,117.1,83.8,139.22,573.52
583.0,0,115.64,0.9655,37.24,23.81,0.0675,0.181,0.9052,284.16,7.54,117.1,83.8,140.57,573.46
584.0,0,115.66,0.9655,37.24,23.81,0.0676,0.1809,0.9044,284.16,7.54,117.1,83.8,141.16,573.4
585.0,0,115.62,0.9655,37.24,23.81,0.0676,0.1807,0.9035,284.16,7.54,117.1,83.8,141.73,573.34
586.0,0,115.66,0.9655,37.24,23.81,0.0675,0.1806,0.9029,284.16,7.54,117.1,83.8,142.2,573.28
587.0,0,115.62,0.9655,37.25,23.81,0.0673,0.1806,0.9028,284.16,7.54,117.1,83.8,142.59,573.21
588.0,0,115.63,0.9655,37.25,23.81,0.0669,0.1807,0.9034,284.16,7.54,117.1,83.8,142.86,573.15
589.0,0,115.64,0.9655,37.25,23.81,0.0665,0.1809,0.9046,284.16,7.54,117.1,83.8,143.06,573.09
590.0,0,115.61,0.9655,37.25,23.81,0.0662,0.1812,0.9059,284.16,7.54,117.1,83.8,143.44,573.03
591.0,0,115.63,0.9655,37.25,23.81,0.0669,0.1813,0.9063,284.16,7.54,117.1,83.8,144.06,572.97
592.0,0,115.63,0.9655,37.25,23.81,0.067,0.1813,0.9064,284.16,7.54,117.1,83.8,144.68,572.91
593.0,0,115.6,0.9655,37.25,23.81,0.0671,0.1813,0.9064,284.16,7.54,117.1,83.8,145.31,572.84
594.0,0,115.64,0.9655,37.25,23.81,0.0673,0.1812,0.9062,284.16,7.54,117.1,83.8,145.97,572.78
595.0,0,115.59,0.9655,37.25,23.81,0.0674,0.1811,0.9057,284.16,7.54,117.1,83.8,146.95,572.72
596.0,0,115.62,0.9655,37.25,23.81,0.0675,0.181,0.9051,284.16,7.54,117.1,83.8,148.33,572.66
597.0,0,115.6,0.9655,37.25,23.81,0.0676,0.1809,0.9043,284.16,7.54,117.1,83.8,148.92,572.6
598.0,0,115.59,0.9655,37.25,23.81,0.0676,0.1807,0.9034,284.16,7.54,117.1,83.8,149.48,572.53
599.0,0,115.62,0.9655,37.25,23.81,0.0676,0.1806,0.9028,284.16,7.54,117.1,83.8,149.95,572.47
600.0,0,115.57,0.9655,37.25,23.81,0.0673,0.1806,0.9028,284.16,7.54,117.1,83.8,150.32,572.41
601.0,0,115.61,0.9655,37.25,23.81,0.067,0.1807,0.9033,284.16,7.54,117.1,83.8,150.58,572.35
602.0,0,115.57,0.9655,37.25,23.81,0.0666,0.1809,0.9046,284.16,7.54,117.1,83.8,150.76,572.29
603.0,0,115.56,0.9655,37.25,23.81,0.0662,0.1812,0.9058,284.16,7.53,117.1,83.8,151.12,572.23
604.0,0,115.61,0.9655,37.26,23.81,0.067,0.1812,0.9062,284.16,7.54,117.1,83.8,151.74,572.16
605.0,0,115.56,0.9655,37.26,23.81,0.0671,0.1813,0.9064,284.16,7.53,117.1,83.8,152.37,572.1
606.0,0,115.58,0.9655,37.26,23.81,0.0672,0.1813,0.9063,284.16,7.53,117.1,83.8,153.0,572.04
607.0,0,115.58,0.9655,37.26,23.81,0.0673,0.1812,0.9061,284.16,7.53,117.1,83.8,153.66,571.98
608.0,0,115.55,0.9655,37.26,23.81,0.0675,0.1811,0.9057,284.16,7.53,117.1,83.8,154.66,571.92
609.0,0,115.59,0.9655,37.26,23.81,0.0676,0.181,0.905,284.16,7.54,117.1,83.8,156.08,571.86
610.0,0,115.54,0.9655,37.26,23.81,0.0677,0.1808,0.9042,284.16,7.53,117.1,83.8,156.67,571.79
611.0,0,115.57,0.9655,37.26,23.81,0.0677,0.1807,0.9033,284.16,7.53,117.1,83.8,157.23,571.73
612.0,0,115.55,0.9655,37.26,23.81,0.0676,0.1806,0.9028,284.16,7.53,117.1,83.8,157.69,571.67
613.0,0,115.54,0.9655,37.26,23.81,0.0674,0.1805,0.9027,284.16,7.53,117.1,83.8,158.05,571.61
614.0,0,115.57,0.9655,37.26,23.81,0.067,0.1807,0.9033,284.16,7.53,117.1,83.8,158.28,571.55
615.0,0,115.52,0.9655,37.26,23.81,0.0666,0.1809,0.9045,284.16,7.53,117.1,83.8,158.44,571.48
616.0,0,115.54,0.9655,37.26,23.81,0.0663,0.1812,0.9058,284.16,7.53,117.1,83.8,158.79,571.42
617.0,0,115.56,0.9655,37.26,23.81,0.067,0.1812,0.9061,284.16,7.53,117.1,83.8,159.41,571.36
618.0,0,115.51,0.9655,37.26,23.81,0.0671,0.1813,0.9063,284.16,7.53,117.1,83.8,160.04,571.3
619.0,0,115.56,0.9655,37.26,23.81,0.0672,0.1813,0.9063,284.16,7.53,117.1,83.8,160.67,571.24
620.0,0,115.52,0.9655,37.27,23.81,0.0674,0.1812,0.906,284.16,7.53,117.1,83.8,161.34,571.18
621.0,0,115.53,0.9655,37.27,23.81,0.0675,0.1811,0.9056,284.16,7.53,117.1,83.9,162.35,571.11
622.0,0,115.53,0.9655,37.27,23.81,0.0676,0.181,0.9049,284.16,7.53,117.1,83.8,163.81,571.05
623.0,0,115.5,0.9655,37.27,23.81,0.0677,0.1808,0.9041,284.16,7.53,117.1,83.9,164.4,570.99
624.0,0,115.54,0.9655,37.27,23.81,0.0677,0.1807,0.9033,284.16,7.53,117.1,83.9,164.96,570.93
625.0,0,115.5,0.9655,37.27,23.81,0.0676,0.1805,0.9027,284.16,7.53,117.1,83.9,165.41,570.87
626.0,0,115.52,0.9655,37.27,23.81,0.0674,0.1805,0.9026,284.16,7.53,117.1,83.9,165.76,570.8
627.0,0,115.51,0.9655,37.27,23.81,0.0671,0.1806,0.9032,284.16,7.53,117.1,83.9,165.97,570.74
628.0,0,115.49,0.9655,37.27,23.81,0.0666,0.1809,0.9045,284.16,7.53,117.1,83.9,166.11,570.68
629.0,0,115.52,0.9655,37.27,23.81,0.0663,0.1811,0.9057,284.16,7.53,117.1,83.9,166.44,570.62
630.0,0,115.5,0.9655,37.27,24.0,0.0671,0.1812,0.9061,284.16,7.53,117.1,83.9,167.07,570.56
631.0,0,115.49,0.9655,37.27,24.0,0.0768,0.0,0.0,283.2,7.36,121.3,88.1,167.96,570.48
632.0,0,91.95,0.9655,37.27,24.0,0.082,0.0,0.0,282.21,5.86,127.8,92.6,170.34,570.36
633.0,0,85.96,0.9656,37.27,24.0,0.0827,0.0,0.0,281.22,5.74,126.0,89.0,169.96,570.24
634.0,0,80.24,0.9657,37.27,24.0,0.083,0.0,0.0,280.24,5.61,123.6,84.7,170.54,570.12
635.0,0,76.57,0.966,37.27,23.81,0.0856,0.0,0.0,279.26,5.73,120.1,81.6,172.8,570.0
636.0,0,77.03,0.9664,37.28,23.81,0.0853,0.0,0.0,278.29,5.87,119.6,81.0,173.61,569.88
637.0,0,77.79,0.9667,37.28,23.81,0.0836,0.0,0.0,277.32,5.95,120.2,81.5,172.97,569.76
638.0,0,78.57,0.9672,37.28,23.81,0.0821,0.0,0.0,276.35,6.06,120.6,81.7,173.89,569.64
639.0,0,78.51,0.9679,37.28,23.81,0.0831,0.0,0.0,275.39,6.08,120.6,81.6,175.49,569.52
640.0,0,78.41,0.9683,37.28,23.62,0.0817,0.0,0.0,274.44,6.09,120.5,81.4,175.43,569.4
641.0,0,78.32,0.9687,37.28,23.62,0.0804,0.0,0.0,273.49,6.1,120.4,81.3,175.66,569.29
642.0,0,78.33,0.9694,37.28,23.62,0.0808,0.0,0.0,272.55,6.12,120.2,81.0,177.31,569.17
643.0,0,78.35,0.9699,37.28,23.62,0.0807,0.0,0.0,271.61,6.13,120.1,80.8,177.9,569.05
644.0,0,78.42,0.9703,37.28,23.62,0.0794,0.0,0.0,270.67,6.14,119.9,80.7,177.69,568.94
645.0,0,78.61,0.9707,37.28,23.44,0.0783,0.0,0.0,269.74,6.16,119.7,80.4,178.29,568.82
646.0,0,78.71,0.9713,37.28,23.44,0.0801,0.0,0.0,268.82,6.17,119.5,80.2,179.65,568.71
647.0,0,78.85,0.9716,37.28,23.44,0.0793,0.0,0.0,267.9,6.18,119.4,80.1,180.08,568.59
648.0,0,78.95,0.9719,37.28,23.26,0.0779,0.0,0.0,266.98,6.19,119.3,80.0,180.0,568.48
649.0,0,79.17,0.9724,37.28,23.26,0.0784,0.0,0.0,266.07,6.14,119.6,80.9,181.36,568.36
650.0,0,79.06,0.9727,37.28,23.26,0.0779,0.0,0.0,265.16,6.12,119.4,80.8,181.92,568.25
651.0,0,78.95,0.9729,37.28,23.08,0.0769,0.0,0.0,264.26,6.1,119.1,80.6,181.73,568.14
652.0,0,79.1,0.9732,37.29,23.08,0.0777,0.0,0.0,263.36,6.1,118.6,80.2,183.03,568.02
653.0,0,79.25,0.9735,37.29,22.9,0.078,0.0,0.0,262.46,6.1,118.4,80.0,183.57,567.91
654.0,0,79.42,0.9736,37.29,22.9,0.0771,0.0,0.0,261.57,6.1,118.2,79.9,183.43,567.8
655.0,0,79.8,0.9738,37.29,22.9,0.0776,0.0,0.0,260.69,6.12,117.9,79.6,184.66,567.68
656.0,0,79.94,0.974,37.29,22.73,0.0784,0.0,0.0,259.81,6.13,117.8,79.5,185.2,567.57
657.0,0,80.08,0.9741,37.29,22.73,0.0774,0.0,0.0,258.93,6.14,117.7,79.4,185.15,567.46
658.0,0,80.28,0.9742,37.29,22.73,0.0773,0.0,0.0,258.06,6.15,117.6,79.3,186.11,567.34
659.0,0,80.33,0.9744,37.29,22.56,0.0787,0.0,0.0,257.19,6.15,117.5,79.2,186.8,567.23
660.0,0,80.4,0.9744,37.29,22.56,0.0777,0.0,0.0,256.33,6.16,117.5,79.2,186.85,567.12
661.0,0,80.42,0.9745,37.29,22.39,0.0768,0.0,0.0,255.47,6.16,117.4,79.1,187.35,567.0
662.0,0,80.42,0.9745,37.29,22.39,0.0787,0.0,0.0,254.62,6.16,117.4,79.1,188.37,566.89
663.0,0,80.44,0.9745,37.29,22.39,0.0778,0.0,0.0,253.77,6.16,117.3,79.0,188.56,566.77
664.0,0,80.41,0.9746,37.29,22.06,0.0764,0.0,0.0,252.92,6.16,117.3,79.0,188.81,566.66
665.0,0,80.39,0.9745,37.29,22.06,0.0787,0.0,0.0,252.08,6.15,117.2,78.9,189.91,566.55
666.0,0,80.38,0.9745,37.29,22.06,0.078,0.0,0.0,251.24,6.15,117.1,78.9,190.41,566.43
667.0,0,80.34,0.9745,37.29,21.9,0.0772,0.0,0.0,250.41,6.15,117.1,78.8,190.41,566.32
668.0,0,80.34,0.9745,37.29,21.9,0.0786,0.0,0.0,249.58,6.14,117.0,78.8,191.42,566.2
669.0,0,80.32,0.9745,37.29,21.74,0.0783,0.0,0.0,248.75,6.14,117.0,78.7,191.91,566.09
670.0,0,80.29,0.9744,37.29,21.74,0.0774,0.0,0.0,247.93,6.14,116.9,78.7,191.97,565.98
671.0,0,80.29,0.9744,37.3,21.74,0.0784,0.0,0.0,247.11,6.13,116.8,78.6,192.9,565.86
672.0,0,80.26,0.9743,37.3,21.43,0.0786,0.0,0.0,246.3,6.13,116.8,78.6,193.39,565.75
673.0,0,80.23,0.9743,37.3,21.43,0.0777,0.0,0.0,245.49,6.12,116.8,78.6,193.51,565.63
674.0,0,80.22,0.9742,37.3,21.43,0.0781,0.0,0.0,244.69,6.12,116.7,78.5,194.36,565.52
675.0,0,80.18,0.9741,37.3,21.28,0.079,0.0,0.0,243.89,6.11,116.7,78.5,194.84,565.41
676.0,0,80.16,0.9741,37.3,21.28,0.078,0.0,0.0,243.09,6.11,116.6,78.5,195.01,565.29
677.0,0,80.13,0.974,37.3,21.28,0.0778,0.0,0.0,242.3,6.1,116.6,78.5,195.79,565.18
678.0,0,80.08,0.9739,37.3,21.13,0.0793,0.0,0.0,241.51,6.1,116.6,78.5,196.26,565.06
679.0,0,80.06,0.9738,37.3,21.13,0.0783,0.0,0.0,240.72,6.09,116.5,78.4,196.49,564.95
680.0,0,80.01,0.9737,37.3,21.13,0.0775,0.0,0.0,239.94,6.08,116.5,78.4,196.91,564.83
681.0,0,79.96,0.9736,37.3,20.98,0.0796,0.0,0.0,239.17,6.08,116.5,78.4,197.66,564.72
682.0,0,79.95,0.9735,37.3,20.98,0.0787,0.0,0.0,238.39,6.08,116.5,78.4,197.99,564.6
683.0,0,79.94,0.9734,37.3,20.98,0.0774,0.0,0.0,237.62,6.07,116.4,78.4,198.16,564.49
684.0,0,79.84,0.9733,37.3,20.69,0.0798,0.0,0.0,236.86,6.06,116.4,78.4,199.04,564.37
685.0,0,79.83,0.9732,37.3,20.69,0.0792,0.0,0.0,236.1,6.06,116.4,78.4,199.49,564.26
686.0,0,79.81,0.9731,37.3,20.69,0.0785,0.0,0.0,235.34,6.05,116.4,78.4,199.57,564.14
687.0,0,79.71,0.973,37.3,20.55,0.0798,0.0,0.0,234.58,6.04,116.4,78.4,200.39,564.03
688.0,0,79.7,0.9728,37.3,20.55,0.0796,0.0,0.0,233.83,6.04,116.3,78.4,200.83,563.91
689.0,0,79.67,0.9728,37.3,20.55,0.0788,0.0,0.0,233.09,6.03,116.3,78.4,200.95,563.8
690.0,0,79.58,0.9726,37.3,20.41,0.0798,0.0,0.0,232.34,6.02,116.3,78.4,201.72,563.68
691.0,0,79.57,0.9725,37.3,20.41,0.0801,0.0,0.0,231.6,6.02,116.3,78.4,202.15,563.56
692.0,0,79.53,0.9724,37.31,20.41,0.0791,0.0,0.0,230.87,6.01,116.3,78.4,202.3,563.45
693.0,0,79.44,0.9723,37.31,20.27,0.0796,0.0,0.0,230.14,6.0,116.3,78.4,203.02,563.33
694.0,0,79.44,0.9721,37.31,20.27,0.0805,0.0,0.0,229.41,6.0,116.3,78.4,203.45,563.22
695.0,0,79.39,0.972,37.31,20.27,0.0795,0.0,0.0,228.68,5.99,116.3,78.4,203.63,563.1
696.0,0,79.31,0.9719,37.31,20.13,0.0793,0.0,0.0,227.96,5.98,116.3,78.5,204.3,562.99
697.0,0,79.3,0.9718,37.31,20.13,0.0809,0.0,0.0,227.25,5.98,116.3,78.5,204.72,562.87
698.0,0,79.26,0.9717,37.31,20.13,0.0799,0.0,0.0,226.53,5.97,116.3,78.5,204.95,562.75
699.0,0,79.18,0.9716,37.31,20.0,0.0791,0.0,0.0,225.82,5.96,116.3,78.5,205.3,562.64
700.0,0,79.17,0.9714,37.31,20.0,0.0811,0.0,0.0,225.11,5.96,116.3,78.5,205.96,562.52
701.0,0,79.12,0.9713,37.31,20.0,0.0803,0.0,0.0,224.41,5.95,116.3,78.5,206.31,562.4
702.0,0,79.07,0.9712,37.31,19.87,0.079,0.0,0.0,223.71,5.95,116.3,78.5,206.39,562.29
703.0,0,79.03,0.971,37.31,19.87,0.0813,0.0,0.0,223.02,5.94,116.3,78.5,207.19,562.17
704.0,0,78.99,0.9709,37.31,19.87,0.0808,0.0,0.0,222.32,5.93,116.3,78.6,207.59,562.05
705.0,0,78.93,0.9708,37.31,19.87,0.0805,0.0,0.0,221.63,5.93,116.3,78.2,207.68,561.94
706.0,0,78.9,0.9706,37.31,19.87,0.0819,0.0,0.0,220.95,5.98,115.7,77.5,208.39,561.82
707.0,0,79.05,0.9705,37.31,19.87,0.0822,0.0,0.0,220.27,6.01,115.8,77.5,208.79,561.7
708.0,0,79.17,0.9704,37.31,19.74,0.0808,0.0,0.0,219.59,5.98,116.5,78.5,208.98,561.58
709.0,0,78.95,0.9702,37.31,19.74,0.0805,0.0,0.0,218.91,5.95,116.8,78.9,209.58,561.46
710.0,0,78.63,0.9701,37.31,19.74,0.082,0.0,0.0,218.24,5.92,116.8,78.6,209.96,561.35
711.0,0,78.39,0.97,37.31,19.61,0.0815,0.0,0.0,217.57,5.94,116.2,78.0,210.3,561.23
712.0,0,78.28,0.9699,37.31,19.61,0.0803,0.0,0.0,216.9,5.95,116.1,77.8,210.41,561.11
713.0,0,78.56,0.9697,37.31,19.61,0.0827,0.0,0.0,216.24,5.98,116.2,77.8,211.12,560.99
714.0,0,78.61,0.9696,37.31,19.61,0.0826,0.0,0.0,215.58,5.99,116.3,77.9,211.5,560.87
715.0,0,78.6,0.9694,37.32,19.61,0.0816,0.0,0.0,214.93,6.0,116.4,77.9,211.72,560.75
716.0,0,78.42,0.9693,37.32,19.61,0.0814,0.0,0.0,214.27,5.99,116.6,78.1,212.25,560.64
717.0,0,78.3,0.9692,37.32,19.48,0.0829,0.0,0.0,213.63,5.98,116.7,78.1,212.62,560.52
718.0,0,78.2,0.969,37.32,19.48,0.082,0.0,0.0,212.98,5.98,116.7,78.2,212.98,560.4
719.0,0,78.12,0.9689,37.32,19.48,0.0812,0.0,0.0,212.34,5.97,116.8,78.2,213.11,560.28
720.0,0,77.9,0.9688,37.32,19.48,0.0825,0.0,0.0,211.7,5.96,116.8,78.2,213.71,560.16
721.0,0,77.85,0.9687,37.32,19.48,0.0825,0.0,0.0,211.06,5.95,116.8,78.2,214.07,560.04
722.0,0,77.8,0.9686,37.32,19.48,0.0815,0.0,0.0,210.43,5.95,116.9,78.3,214.31,559.93
723.0,0,77.66,0.9685,37.32,19.48,0.081,0.0,0.0,209.8,5.93,116.9,78.3,214.78,559.81
724.0,0,77.64,0.9683,37.32,19.48,0.0829,0.0,0.0,209.17,5.93,116.9,78.3,215.13,559.69
725.0,0,77.61,0.9682,37.32,19.48,0.0821,0.0,0.0,208.55,5.93,116.9,78.3,215.48,559.57
726.0,0,77.55,0.9681,37.32,19.48,0.0813,0.0,0.0,207.93,5.92,116.9,78.3,215.6,559.45
727.0,0,77.5,0.968,37.32,19.48,0.0824,0.0,0.0,207.31,5.92,116.9,78.4,216.17,559.33
728.0,0,77.48,0.9679,37.32,19.48,0.0828,0.0,0.0,206.7,5.91,116.9,78.4,216.51,559.22
729.0,0,77.42,0.9678,37.32,19.35,0.0818,0.0,0.0,206.08,5.91,116.9,78.4,216.74,559.1
730.0,0,77.37,0.9677,37.32,19.35,0.081,0.0,0.0,205.48,5.9,117.0,78.4,217.03,558.98
731.0,0,77.35,0.9676,37.32,19.35,0.083,0.0,0.0,204.87,5.9,117.0,78.5,217.52,558.86
732.0,0,77.29,0.9675,37.32,19.35,0.0824,0.0,0.0,204.27,5.9,117.0,78.5,217.85,558.74
733.0,0,77.25,0.9674,37.32,19.35,0.0816,0.0,0.0,203.67,5.89,117.0,78.5,217.94,558.62
734.0,0,77.22,0.9673,37.32,19.35,0.0823,0.0,0.0,203.07,5.89,117.0,78.5,218.5,558.5
735.0,0,77.16,0.9672,37.32,19.35,0.083,0.0,0.0,202.48,5.88,117.0,78.5,218.83,558.39
736.0,0,77.13,0.9671,37.32,19.35,0.082,0.0,0.0,201.89,5.88,117.0,78.6,219.04,558.27
737.0,0,77.1,0.967,37.32,19.35,0.0809,0.0,0.0,201.3,5.87,117.1,78.6,219.16,558.15
738.0,0,77.05,0.9669,37.32,19.35,0.0831,0.0,0.0,200.72,5.87,117.1,78.6,219.78,558.03
739.0,0,77.01,0.9668,37.32,19.35,0.0826,0.0,0.0,200.14,5.87,117.1,78.6,220.09,557.91
740.0,0,77.01,0.9667,37.32,19.35,0.0818,0.0,0.0,199.56,5.86,117.1,78.7,220.17,557.79
741.0,0,76.94,0.9667,37.32,19.35,0.0823,0.0,0.0,198.98,5.86,117.1,78.7,220.71,557.67
742.0,0,76.91,0.9666,37.32,19.35,0.0837,0.0,0.0,198.41,5.85,117.1,78.5,221.02,557.55
743.0,0,76.91,0.9665,37.33,19.35,0.0832,0.0,0.0,197.84,5.9,116.6,77.8,221.32,557.43
744.0,0,76.89,0.9664,37.33,19.35,0.0827,0.0,0.0,197.27,5.91,116.6,77.6,221.42,557.32
745.0,0,77.17,0.9663,37.33,19.35,0.0832,0.0,0.0,196.71,5.91,117.3,78.6,221.93,557.19
746.0,0,77.23,0.9662,37.33,19.35,0.0833,0.0,0.0,196.15,5.9,117.5,78.9,222.22,557.08
747.0,0,76.98,0.9662,37.33,19.35,0.0821,0.0,0.0,195.59,5.88,117.6,79.0,222.41,556.96
748.0,0,76.7,0.9662,37.33,19.35,0.0815,0.0,0.0,195.03,5.86,117.6,78.9,222.51,556.84
749.0,0,76.43,0.966,37.33,19.35,0.0839,0.0,0.0,194.48,5.9,116.9,77.9,223.1,556.72
750.0,0,76.56,0.966,37.33,19.35,0.0839,0.0,0.0,193.93,5.91,117.0,77.9,223.39,556.6
751.0,0,76.68,0.9659,37.33,19.35,0.083,0.0,0.0,193.38,5.93,117.1,77.9,223.62,556.48
752.0,0,76.74,0.9659,37.33,19.35,0.0818,0.0,0.0,192.84,5.94,117.1,78.0,223.7,556.36
753.0,0,76.69,0.9658,37.33,19.35,0.084,0.0,0.0,192.29,5.94,117.3,78.1,224.24,556.24
754.0,0,76.59,0.9658,37.33,19.48,0.0838,0.0,0.0,191.75,5.94,117.4,78.1,224.51,556.12
755.0,0,76.52,0.9657,37.33,19.48,0.0828,0.0,0.0,191.22,5.94,117.5,78.2,224.77,556.0
756.0,0,76.46,0.9656,37.33,19.48,0.0815,0.0,0.0,190.68,5.94,117.5,78.2,224.83,555.88
757.0,0,76.26,0.9656,37.33,19.48,0.0837,0.0,0.0,190.15,5.93,117.6,78.3,225.33,555.76
758.0,0,76.21,0.9655,37.33,19.48,0.0836,0.0,0.0,189.62,5.93,117.6,78.3,225.6,555.64
759.0,0,76.17,0.9655,37.33,19.48,0.0825,0.0,0.0,189.1,5.92,117.6,78.3,225.84,555.52
760.0,0,76.11,0.9655,37.33,19.48,0.0813,0.0,0.0,188.57,5.92,117.6,78.3,225.87,555.4
761.0,0,76.05,0.9654,37.33,19.48,0.0835,0.0,0.0,188.05,5.91,117.6,78.3,226.38,555.28
762.0,0,76.05,0.9654,37.33,19.48,0.0835,0.0,0.0,187.53,5.91,117.6,78.3,226.64,555.16
763.0,0,76.01,0.9654,37.33,19.48,0.0825,0.0,0.0,187.02,5.91,117.5,78.3,226.84,555.05
764.0,0,75.99,0.9654,37.33,19.48,0.0813,0.0,0.0,186.5,5.91,117.5,78.3,226.87,554.93
765.0,0,76.01,0.9653,37.33,19.48,0.0836,0.0,0.0,185.99,5.9,117.5,78.3,227.4,554.81
766.0,0,75.98,0.9653,37.33,19.48,0.0835,0.0,0.0,185.49,5.9,117.5,78.3,227.64,554.69
767.0,0,75.97,0.9653,37.33,19.48,0.0825,0.0,0.0,184.98,5.9,117.5,78.3,227.82,554.57
768.0,0,75.99,0.9652,37.33,19.48,0.0814,0.0,0.0,184.48,5.9,117.5,78.3,227.84,554.45
769.0,0,75.95,0.9652,37.33,19.48,0.0836,0.0,0.0,183.98,5.9,117.5,78.3,228.37,554.33
770.0,0,75.94,0.9652,37.33,19.48,0.0835,0.0,0.0,183.48,5.9,117.5,78.3,228.61,554.21
771.0,0,75.95,0.9652,37.33,19.48,0.0826,0.0,0.0,182.98,5.9,117.5,78.3,228.77,554.09
772.0,0,75.94,0.9652,37.33,19.61,0.0814,0.0,0.0,182.49,5.9,117.5,78.3,228.78,553.97
773.0,0,75.89,0.9652,37.33,19.61,0.0836,0.0,0.0,182.0,5.89,117.5,78.3,229.32,553.85
774.0,0,75.9,0.9651,37.33,19.61,0.0835,0.0,0.0,181.51,5.89,117.5,78.3,229.55,553.73
775.0,0,75.88,0.9651,37.33,19.61,0.0826,0.0,0.0,181.03,5.89,117.5,78.3,229.68,553.62
776.0,0,75.84,0.9651,37.33,19.61,0.0814,0.0,0.0,180.54,5.89,117.5,78.3,229.68,553.5
777.0,0,75.85,0.9651,37.33,19.61,0.0836,0.0,0.0,180.06,5.89,117.5,78.3,230.22,553.38
778.0,0,75.82,0.9651,37.34,19.61,0.0835,0.0,0.0,179.58,5.89,117.5,78.3,230.44,553.26
779.0,0,75.79,0.9651,37.34,19.61,0.0825,0.0,0.0,179.11,5.88,117.4,78.3,230.55,553.14
780.0,0,75.79,0.9651,37.34,19.61,0.0814,0.0,0.0,178.63,5.88,117.4,78.3,230.54,553.02
781.0,0,75.76,0.9651,37.34,19.61,0.0836,0.0,0.0,178.16,5.88,117.4,78.3,231.09,552.9
782.0,0,75.74,0.9651,37.34,19.61,0.0835,0.0,0.0,177.69,5.88,117.4,78.3,231.31,552.78
783.0,0,75.75,0.9651,37.34,19.61,0.0825,0.0,0.0,177.23,5.88,117.4,78.3,231.39,552.66
784.0,0,75.75,0.9651,37.34,19.61,0.0814,0.0,0.0,176.76,5.88,117.4,78.3,231.37,552.54
785.0,0,75.7,0.9651,37.34,19.61,0.0836,0.0,0.0,176.3,5.88,117.4,78.3,231.93,552.42
786.0,0,75.72,0.9651,37.34,19.61,0.0835,0.0,0.0,175.84,5.88,117.4,78.3,232.14,552.3
787.0,0,75.71,0.9651,37.34,19.61,0.0825,0.0,0.0,175.38,5.87,117.4,78.3,232.2,552.18
788.0,0,75.68,0.9651,37.34,19.61,0.0814,0.0,0.0,174.93,5.87,117.4,78.2,232.17,552.07
789.0,0,75.68,0.9651,37.34,19.61,0.0836,0.0,0.0,174.48,5.87,117.4,78.2,232.74,551.94
790.0,0,75.66,0.9651,37.34,19.61,0.0835,0.0,0.0,174.02,5.87,117.3,78.2,232.93,551.83
791.0,0,75.63,0.9651,37.34,19.74,0.0825,0.0,0.0,173.58,5.87,117.3,78.2,232.97,551.71
792.0,0,75.63,0.9651,37.34,19.74,0.0813,0.0,0.0,173.13,5.87,117.3,78.2,232.93,551.59
793.0,0,75.62,0.9651,37.34,19.74,0.0836,0.0,0.0,172.69,5.87,117.3,78.2,233.51,551.47
794.0,0,75.59,0.9651,37.34,19.74,0.0835,0.0,0.0,172.24,5.87,117.3,78.2,233.7,551.35
795.0,0,75.59,0.9651,37.34,19.74,0.0825,0.0,0.0,171.81,5.87,117.3,78.2,233.71,551.23
796.0,0,75.6,0.9651,37.34,19.74,0.0813,0.0,0.0,171.37,5.87,117.3,78.2,233.66,551.11
797.0,0,75.55,0.9651,37.34,19.74,0.0835,0.0,0.0,170.93,5.86,117.3,78.2,234.25,550.99
798.0,0,75.56,0.9651,37.34,19.74,0.0835,0.0,0.0,170.5,5.86,117.3,78.2,234.43,550.87
799.0,0,75.56,0.9651,37.34,19.74,0.0825,0.0,0.0,170.07,5.86,117.3,78.2,234.41,550.75
800.0,0,75.53,0.9652,37.34,19.74,0.0813,0.0,0.0,169.64,5.86,117.2,78.2,234.35,550.63
801.0,0,75.53,0.9652,37.34,19.74,0.0835,0.0,0.0,169.21,5.86,117.2,78.2,234.95,550.51
802.0,0,75.52,0.9652,37.34,19.74,0.0834,0.0,0.0,168.79,5.86,117.2,78.1,235.13,550.4
803.0,0,75.49,0.9652,37.34,19.74,0.0824,0.0,0.0,168.37,5.86,117.2,78.1,235.09,550.28
804.0,0,75.48,0.9652,37.34,19.74,0.0813,0.0,0.0,167.95,5.86,117.2,78.1,235.02,550.16
805.0,0,75.48,0.9652,37.34,19.74,0.0835,0.0,0.0,167.53,5.86,117.2,78.1,235.63,550.04
806.0,0,75.45,0.9652,37.34,19.74,0.0834,0.0,0.0,167.11,5.85,117.2,78.1,235.8,549.92
807.0,0,75.45,0.9652,37.34,19.74,0.0824,0.0,0.0,166.7,5.85,117.2,78.1,235.73,549.8
808.0,0,75.47,0.9652,37.34,19.74,0.0812,0.0,0.0,166.29,5.85,117.2,78.1,235.66,549.68
809.0,0,75.42,0.9653,37.34,19.74,0.0834,0.0,0.0,165.88,5.85,117.1,78.1,236.28,549.56
810.0,0,75.42,0.9653,37.34,19.74,0.0834,0.0,0.0,165.47,5.85,117.1,78.1,236.44,549.44
811.0,0,75.43,0.9653,37.34,19.74,0.0824,0.0,0.0,165.06,5.85,117.1,78.1,236.35,549.32
812.0,0,75.41,0.9653,37.34,19.74,0.0812,0.0,0.0,164.66,5.85,117.1,78.1,236.27,549.21
813.0,0,75.4,0.9653,37.34,19.74,0.0834,0.0,0.0,164.26,5.85,117.1,78.0,236.9,549.09
814.0,0,75.4,0.9653,37.34,19.74,0.0833,0.0,0.0,163.86,5.85,117.1,78.0,237.05,548.97
815.0,0,75.37,0.9653,37.34,19.74,0.0823,0.0,0.0,163.46,5.85,117.1,78.0,236.93,548.85
816.0,0,75.35,0.9653,37.34,19.74,0.0812,0.0,0.0,163.07,5.84,117.1,78.0,236.84,548.73
817.0,0,75.36,0.9653,37.34,19.74,0.0834,0.0,0.0,162.67,5.85,117.0,78.0,237.49,548.61
818.0,0,75.33,0.9653,37.34,19.74,0.0833,0.0,0.0,162.28,5.84,117.0,78.0,237.63,548.49
819.0,0,75.32,0.9653,37.34,19.74,0.0823,0.0,0.0,161.89,5.84,117.0,78.0,237.49,548.37
820.0,0,75.33,0.9653,37.34,19.74,0.0811,0.0,0.0,161.5,5.84,117.0,78.0,237.4,548.25
821.0,0,75.29,0.9654,37.34,19.74,0.0834,0.0,0.0,161.12,5.84,117.0,78.0,238.05,548.13
822.0,0,75.29,0.9653,37.34,19.74,0.0833,0.0,0.0,160.73,5.84,117.0,78.0,238.18,548.01
823.0,0,75.3,0.9653,37.34,19.74,0.0823,0.0,0.0,160.35,5.84,117.0,78.0,238.03,547.9
824.0,0,75.28,0.9654,37.34,19.74,0.0811,0.0,0.0,159.97,5.84,117.0,77.9,237.92,547.78
825.0,0,75.25,0.9654,37.34,19.74,0.0833,0.0,0.0,159.59,5.84,117.0,77.9,238.58,547.66
826.0,0,75.26,0.9654,37.34,19.74,0.0833,0.0,0.0,159.22,5.84,117.0,77.9,238.71,547.54
827.0,0,75.23,0.9654,37.34,19.74,0.0823,0.0,0.0,158.84,5.84,116.9,77.9,238.53,547.42
828.0,0,75.21,0.9654,37.34,19.74,0.0811,0.0,0.0,158.47,5.83,116.9,77.9,238.42,547.3
829.0,0,75.22,0.9654,37.34,19.74,0.0833,0.0,0.0,158.1,5.83,116.9,77.9,239.09,547.18
830.0,0,75.19,0.9654,37.34,19.74,0.0832,0.0,0.0,157.73,5.83,116.9,77.9,239.21,547.06
831.0,0,75.17,0.9654,37.34,19.74,0.0823,0.0,0.0,157.36,5.83,116.9,77.9,239.01,546.94
832.0,0,75.19,0.9654,37.34,19.74,0.0811,0.0,0.0,157.0,5.83,116.9,77.9,238.89,546.83
833.0,0,75.15,0.9654,37.35,19.74,0.0833,0.0,0.0,156.63,5.83,116.9,77.9,239.57,546.71
834.0,0,75.14,0.9654,37.35,19.74,0.0832,0.0,0.0,156.27,5.83,116.9,77.9,239.69,546.59
835.0,0,75.15,0.9654,37.35,19.74,0.0822,0.0,0.0,155.91,5.83,116.9,77.9,239.46,546.47
836.0,0,75.14,0.9654,37.35,19.74,0.0811,0.0,0.0,155.55,5.83,116.9,77.9,239.34,546.35
837.0,0,75.11,0.9654,37.35,19.74,0.0833,0.0,0.0,155.2,5.82,116.8,77.8,240.03,546.23
838.0,0,75.12,0.9654,37.35,19.74,0.0832,0.0,0.0,154.84,5.82,116.8,77.8,240.14,546.11
839.0,0,75.09,0.9654,37.35,19.87,0.0822,0.0,0.0,154.49,5.82,116.8,77.8,239.89,545.99
840.0,0,75.07,0.9654,37.35,19.87,0.081,0.0,0.0,154.14,5.82,116.8,77.8,239.76,545.87
841.0,0,75.08,0.9654,37.35,19.87,0.0833,0.0,0.0,153.79,5.82,116.8,77.8,240.46,545.75
842.0,0,75.05,0.9654,37.35,19.87,0.0832,0.0,0.0,153.44,5.82,116.8,77.8,240.57,545.64
843.0,0,75.03,0.9654,37.35,19.87,0.0822,0.0,0.0,153.1,5.82,116.8,77.8,240.3,545.52
844.0,0,75.04,0.9654,37.35,19.87,0.081,0.0,0.0,152.75,5.82,116.8,77.8,240.16,545.4
845.0,0,75.0,0.9654,37.35,19.87,0.0832,0.0,0.0,152.41,5.81,116.8,77.8,240.87,545.28
846.0,0,74.99,0.9654,37.35,19.87,0.0837,0.0,0.0,152.07,5.81,116.7,77.6,240.97,545.16
847.0,0,75.0,0.9654,37.35,19.87,0.0826,0.0,0.0,151.73,5.86,116.3,76.9,240.74,545.04
848.0,0,74.99,0.9655,37.35,19.74,0.0824,0.0,0.0,151.39,5.83,116.7,77.5,240.63,544.92
849.0,0,75.11,0.9655,37.35,19.74,0.0832,0.0,0.0,151.06,5.85,116.8,77.6,241.25,544.8
850.0,0,75.2,0.9655,37.35,19.74,0.0834,0.0,0.0,150.73,5.85,117.0,77.8,241.35,544.68
851.0,0,75.07,0.9655,37.35,19.74,0.0823,0.0,0.0,150.39,5.84,117.0,77.9,241.18,544.56
852.0,0,74.9,0.9655,37.35,19.74,0.082,0.0,0.0,150.06,5.83,117.0,77.8,241.02,544.45
853.0,0,74.77,0.9655,37.35,19.74,0.0829,0.0,0.0,149.73,5.87,116.3,76.7,241.62,544.33
854.0,0,74.9,0.9655,37.35,19.74,0.0844,0.0,0.0,149.41,5.89,116.4,76.7,241.71,544.21
855.0,0,75.04,0.9655,37.35,19.74,0.0832,0.0,0.0,149.08,5.91,116.5,76.8,241.79,544.09
856.0,0,75.11,0.9655,37.35,19.74,0.0819,0.0,0.0,148.76,5.88,117.1,77.7,241.44,543.97
857.0,0,74.85,0.9655,37.35,19.74,0.0815,0.0,0.0,148.43,5.85,117.2,77.9,241.75,543.85
858.0,0,74.62,0.9655,37.35,19.74,0.0838,0.0,0.0,148.11,5.86,116.7,77.1,242.04,543.73
859.0,0,74.52,0.9654,37.35,19.74,0.0836,0.0,0.0,147.79,5.87,116.5,76.8,242.12,543.61
860.0,0,74.64,0.9655,37.35,19.74,0.0827,0.0,0.0,147.48,5.88,116.5,76.8,241.89,543.49
861.0,0,74.77,0.9655,37.35,19.74,0.0822,0.0,0.0,147.16,5.9,116.6,76.8,241.75,543.37
862.0,0,74.89,0.9654,37.35,19.74,0.0833,0.0,0.0,146.85,5.92,116.7,76.9,242.35,543.25
863.0,0,74.85,0.9655,37.35,19.74,0.084,0.0,0.0,146.53,5.92,116.8,76.9,242.43,543.13
864.0,0,74.78,0.9655,37.35,19.74,0.0831,0.0,0.0,146.22,5.92,116.8,76.9,242.5,543.01
865.0,0,74.74,0.9654,37.35,19.74,0.0822,0.0,0.0,145.91,5.92,116.8,76.9,242.2,542.9
866.0,0,74.62,0.9654,37.35,19.74,0.0816,0.0,0.0,145.61,5.92,116.9,77.0,242.27,542.78
867.0,0,74.56,0.9654,37.35,19.74,0.0836,0.0,0.0,145.3,5.91,116.9,77.0,242.72,542.66
868.0,0,74.54,0.9654,37.35,19.74,0.0834,0.0,0.0,144.99,5.91,116.9,77.0,242.78,542.54
869.0,0,74.51,0.9654,37.35,19.74,0.0824,0.0,0.0,144.69,5.91,116.9,77.0,242.61,542.42
870.0,0,74.46,0.9654,37.35,19.74,0.0817,0.0,0.0,144.39,5.91,116.9,77.0,242.43,542.3
871.0,0,74.44,0.9654,37.35,19.74,0.0825,0.0,0.0,144.09,5.91,116.9,77.0,242.98,542.18
872.0,0,74.42,0.9654,37.35,19.74,0.0836,0.0,0.0,143.79,5.9,116.9,76.9,243.04,542.06
873.0,0,74.39,0.9654,37.35,19.74,0.0828,0.0,0.0,143.49,5.9,116.9,76.9,243.1,541.95
874.0,0,74.39,0.9654,37.35,19.74,0.0819,0.0,0.0,143.19,5.9,116.9,76.9,242.77,541.83
875.0,0,74.38,0.9654,37.35,19.74,0.0811,0.0,0.0,142.9,5.9,116.8,76.9,242.67,541.71
876.0,0,74.36,0.9654,37.35,19.74,0.0833,0.0,0.0,142.61,5.9,116.8,76.9,243.28,541.59
877.0,0,74.37,0.9654,37.35,19.74,0.0833,0.0,0.0,142.32,5.9,116.8,76.9,243.33,541.47
878.0,0,74.37,0.9654,37.35,19.74,0.0823,0.0,0.0,142.03,5.9,116.8,76.9,243.19,541.35
879.0,0,74.34,0.9654,37.35,19.74,0.0817,0.0,0.0,141.74,5.9,116.8,76.9,242.94,541.23
880.0,0,74.35,0.9654,37.35,19.74,0.0822,0.0,0.0,141.45,5.9,116.8,76.9,243.49,541.11
881.0,0,74.33,0.9654,37.35,19.74,0.0835,0.0,0.0,141.16,5.9,116.8,76.9,243.54,540.99
882.0,0,74.31,0.9654,37.35,19.74,0.0828,0.0,0.0,140.88,5.9,116.8,76.9,243.59,540.88
883.0,0,74.3,0.9654,37.35,19.74,0.0819,0.0,0.0,140.6,5.9,116.8,76.9,243.25,540.76
884.0,0,74.32,0.9654,37.35,19.74,0.0809,0.0,0.0,140.31,5.9,116.8,76.9,243.08,540.64
885.0,0,74.27,0.9654,37.35,19.74,0.0831,0.0,0.0,140.03,5.89,116.8,76.9,243.73,540.52
886.0,0,74.27,0.9653,37.35,19.74,0.0833,0.0,0.0,139.75,5.89,116.8,76.9,243.78,540.4
887.0,0,74.28,0.9653,37.35,19.74,0.0824,0.0,0.0,139.48,5.89,116.8,76.9,243.74,540.28
888.0,0,74.25,0.9654,37.35,19.74,0.0817,0.0,0.0,139.2,5.89,116.8,76.8,243.36,540.17
889.0,0,74.25,0.9653,37.35,19.74,0.0818,0.0,0.0,138.93,5.89,116.8,76.8,243.91,540.05
890.0,0,74.24,0.9653,37.35,19.74,0.0835,0.0,0.0,138.65,5.89,116.8,76.8,243.95,539.93
891.0,0,74.21,0.9654,37.35,19.74,0.0829,0.0,0.0,138.38,5.89,116.8,76.8,243.98,539.81
892.0,0,74.2,0.9653,37.35,19.74,0.082,0.0,0.0,138.11,5.89,116.8,76.8,243.63,539.69
893.0,0,74.22,0.9653,37.35,19.74,0.0807,0.0,0.0,137.84,5.89,116.8,76.8,243.45,539.57
894.0,0,74.17,0.9653,37.35,19.74,0.0829,0.0,0.0,137.57,5.89,116.7,76.8,244.09,539.45
895.0,0,74.17,0.9653,37.35,19.74,0.0834,0.0,0.0,137.31,5.89,116.7,76.8,244.13,539.33
896.0,0,74.18,0.9653,37.35,19.74,0.0825,0.0,0.0,137.04,5.89,116.7,76.8,244.16,539.22
897.0,0,74.16,0.9653,37.35,19.74,0.0817,0.0,0.0,136.78,5.88,116.7,76.8,243.7,539.1
898.0,0,74.15,0.9653,37.35,19.74,0.0815,0.0,0.0,136.52,5.88,116.7,76.8,243.98,538.98
899.0,0,74.15,0.9653,37.35,19.74,0.0834,0.0,0.0,136.25,5.88,116.7,76.8,244.25,538.86
900.0,0,74.12,0.9653,37.35,19.74,0.083,0.0,0.0,135.99,5.88,116.7,76.8,244.28,538.74
901.0,0,74.11,0.9653,37.35,19.74,0.082,0.0,0.0,135.74,5.88,116.7,76.8,243.94,538.62
902.0,0,74.12,0.9653,37.35,19.74,0.0815,0.0,0.0,135.48,5.88,116.7,76.8,243.73,538.51
903.0,0,74.08,0.9653,37.35,19.74,0.0826,0.0,0.0,135.22,5.88,116.7,76.8,244.36,538.39
904.0,0,74.08,0.9653,37.35,19.74,0.0834,0.0,0.0,134.97,5.88,116.7,76.8,244.39,538.27
905.0,0,74.09,0.9653,37.35,19.74,0.0825,0.0,0.0,134.71,5.88,116.7,76.8,244.41,538.15
906.0,0,74.07,0.9653,37.35,19.74,0.0817,0.0,0.0,134.46,5.88,116.7,76.8,243.94,538.03
907.0,0,74.05,0.9653,37.35,19.74,0.0812,0.0,0.0,134.21,5.88,116.7,76.8,243.96,537.91
908.0,0,74.06,0.9653,37.35,19.74,0.0833,0.0,0.0,133.96,5.88,116.7,76.8,244.47,537.79
909.0,0,74.03,0.9653,37.35,19.74,0.0831,0.0,0.0,133.71,5.87,116.7,76.8,244.49,537.67
910.0,0,74.01,0.9653,37.35,19.74,0.0821,0.0,0.0,133.46,5.87,116.7,76.8,244.17,537.56
911.0,0,74.03,0.9653,37.35,19.74,0.0815,0.0,0.0,133.22,5.87,116.7,76.8,243.93,537.44
912.0,0,73.99,0.9653,37.35,19.74,0.0823,0.0,0.0,132.97,5.87,116.7,76.7,244.54,537.32
913.0,0,73.99,0.9653,37.35,19.74,0.0834,0.0,0.0,132.73,5.87,116.7,76.7,244.55,537.2
914.0,0,74.0,0.9652,37.35,19.74,0.0826,0.0,0.0,132.49,5.87,116.7,76.7,244.57,537.08
915.0,0,73.98,0.9653,37.35,19.74,0.0818,0.0,0.0,132.25,5.87,116.6,76.7,244.1,536.96
916.0,0,73.97,0.9653,37.35,19.74,0.081,0.0,0.0,132.01,5.87,116.6,76.7,243.94,536.85
917.0,0,73.97,0.9652,37.35,19.74,0.0831,0.0,0.0,131.77,5.87,116.6,76.7,244.6,536.73
918.0,0,73.95,0.9653,37.35,19.74,0.0832,0.0,0.0,131.53,5.87,116.6,76.7,244.61,536.61
919.0,0,73.93,0.9653,37.35,19.74,0.0822,0.0,0.0,131.29,5.86,116.6,76.7,244.35,536.49
920.0,0,73.94,0.9652,37.35,19.74,0.0815,0.0,0.0,131.06,5.87,116.6,76.7,244.04,536.37
921.0,0,73.91,0.9652,37.35,19.74,0.082,0.0,0.0,130.82,5.86,116.6,76.7,244.64,536.25
922.0,0,73.9,0.9652,37.35,19.74,0.0834,0.0,0.0,130.59,5.86,116.6,76.7,244.64,536.13
923.0,0,73.92,0.9652,37.35,19.74,0.0827,0.0,0.0,130.36,5.86,116.6,76.7,244.65,536.01
924.0,0,73.9,0.9652,37.35,19.74,0.0818,0.0,0.0,130.13,5.86,116.6,76.7,244.18,535.9
925.0,0,73.88,0.9652,37.35,19.74,0.0808,0.0,0.0,129.9,5.86,116.6,76.7,243.97,535.78
926.0,0,73.89,0.9652,37.35,19.74,0.083,0.0,0.0,129.67,5.86,116.6,76.7,244.65,535.66
927.0,0,73.87,0.9652,37.35,19.74,0.0832,0.0,0.0,129.44,5.86,116.6,76.7,244.65,535.54
928.0,0,73.85,0.9652,37.35,19.74,0.0823,0.0,0.0,129.22,5.86,116.6,76.7,244.52,535.42
929.0,0,73.86,0.9652,37.35,19.74,0.0816,0.0,0.0,128.99,5.86,116.6,76.7,244.08,535.3
930.0,0,73.83,0.9652,37.35,19.74,0.0817,0.0,0.0,128.77,5.86,116.6,76.7,244.63,535.19
